Ranking,Track Name,Artist Names,Artist IDs,Available Markets
1,"One Of The Girls (with JENNIE, Lily Rose Depp)","The Weeknd, JENNIE, Lily-Rose Depp","1Xyo4u8uXC1ZmMpatF05PJ, 250b0Wlc5Vk0CoUsaCY84M, 1pBLC0qVRTB5zVMuteQ9jJ","AR, AU, AT, BE, BO, BR, BG, CA, CL, CO, CR, CY, CZ, DK, DO, DE, EC, EE, SV, FI, FR, GR, GT, HN, HK, HU, IS, IE, IT, LV, LT, LU, MY, MT, MX, NL, NZ, NI, NO, PA, PY, PE, PH, PL, PT, SG, SK, ES, SE, CH, TW, TR, UY, US, GB, AD, LI, MC, ID, JP, TH, VN, RO, IL, ZA, SA, AE, BH, QA, OM, KW, EG, MA, DZ, TN, LB, JO, PS, IN, KZ, MD, UA, AL, BA, HR, ME, MK, RS, SI, KR, BD, PK, LK, GH, KE, NG, TZ, UG, AG, AM, BS, BB, BZ, BT, BW, BF, CV, CW, DM, FJ, GM, GE, GD, GW, GY, HT, JM, KI, LS, LR, MW, MV, ML, MH, FM, NA, NR, NE, PW, PG, WS, SM, ST, SN, SC, SL, SB, KN, LC, VC, SR, TL, TO, TT, TV, VU, AZ, BN, BI, KH, CM, TD, KM, GQ, SZ, GA, GN, KG, LA, MO, MR, MN, NP, RW, TG, UZ, ZW, BJ, MG, MU, MZ, AO, CI, DJ, ZM, CD, CG, IQ, LY, TJ, VE, ET, XK"
2,Cruel Summer,Taylor Swift,06HL4z0CvFAxyc27GXpf02,"AR, AU, AT, BE, BO, BR, BG, CA, CL, CO, CR, CY, CZ, DK, DO, DE, EC, EE, SV, FI, FR, GR, GT, HN, HK, HU, IS, IE, IT, LV, LT, LU, MY, MT, MX, NL, NZ, NI, NO, PA, PY, PE, PH, PL, PT, SG, SK, ES, SE, CH, TW, TR, UY, US, GB, AD, LI, MC, ID, JP, TH, VN, RO, IL, ZA, SA, AE, BH, QA, OM, KW, EG, MA, DZ, TN, LB, JO, PS, IN, BY, KZ, MD, UA, AL, BA, HR, ME, MK, RS, SI, KR, BD, PK, LK, GH, KE, NG, TZ, UG, AG, AM, BS, BB, BZ, BT, BW, BF, CV, CW, DM, FJ, GM, GE, GD, GW, GY, HT, JM, KI, LS, LR, MW, MV, ML, MH, FM, NA, NR, NE, PW, PG, WS, SM, ST, SN, SC, SL, SB, KN, LC, VC, SR, TL, TO, TT, TV, VU, AZ, BN, BI, KH, CM, TD, KM, GQ, SZ, GA, GN, KG, LA, MO, MR, MN, NP, RW, TG, UZ, ZW, BJ, MG, MU, MZ, AO, CI, DJ, ZM, CD, CG, IQ, LY, TJ, VE, ET, XK"
3,We Found Love,"Rihanna, Calvin Harris","5pKCCKE2ajJHZ9KAiaK11H, 7CajNmpbOovFoOoasH2HaY","AR, AU, BO, BR, BG, CA, CL, CO, CR, CY, CZ, DO, EC, EE, SV, FI, GR, GT, HN, HK, HU, IS, IE, LV, LT, MY, MT, NL, NZ, NI, NO, PA, PY, PE, PH, PL, PT, SG, SK, ES, TW, TR, US, GB, AD, LI, MC, ID, JP, TH, VN, RO, IL, ZA, IN, BY, KZ, MD, UA, SI, KR, BD, LK, GH, KE, NG, TZ, UG, AG, AM, BS, BB, BZ, BW, BF, CV, CW, DM, FJ, GM, GD, GW, GY, HT, JM, LS, LR, MW, ML, FM, NA, NE, PG, SN, SC, SL, KN, LC, VC, SR, TT, AZ, BN, BI, KH, CM, TD, KM, GQ, SZ, GA, GN, KG, LA, MO, MN, NP, RW, TG, UZ, ZW, BJ, MG, MU, MZ, CI, DJ, ZM, CD, CG, TJ, VE, ET"
4,"yes, and?",Ariana Grande,66CXWjxzNUsdJxJ2JdwvnR,"AR, AU, AT, BE, BO, BR, BG, CA, CL, CO, CR, CY, CZ, DK, DO, DE, EC, EE, SV, FI, FR, GR, GT, HN, HK, HU, IS, IE, IT, LV, LT, LU, MY, MT, MX, NL, NZ, NI, NO, PA, PY, PE, PH, PL, PT, SG, SK, ES, SE, CH, TW, TR, UY, US, GB, AD, LI, MC, ID, JP, TH, VN, RO, IL, ZA, SA, AE, BH, QA, OM, KW, EG, MA, DZ, TN, LB, JO, PS, IN, KZ, MD, UA, AL, BA, HR, ME, MK, RS, SI, KR, BD, PK, LK, GH, KE, NG, TZ, UG, AG, AM, BS, BB, BZ, BT, BW, BF, CV, CW, DM, FJ, GM, GE, GD, GW, GY, HT, JM, KI, LS, LR, MW, MV, ML, MH, FM, NA, NR, NE, PW, PG, WS, SM, ST, SN, SC, SL, SB, KN, LC, VC, SR, TL, TO, TT, TV, VU, AZ, BN, BI, KH, CM, TD, KM, GQ, SZ, GA, GN, KG, LA, MO, MR, MN, NP, RW, TG, UZ, ZW, BJ, MG, MU, MZ, AO, CI, DJ, ZM, CD, CG, IQ, LY, TJ, VE, ET, XK"
5,Rich Baby Daddy (feat. Sexyy Red & SZA),"Drake, Sexyy Red, SZA","3TVXtAsR1Inumwj472S9r4, 3DbwFQlvLxRSi2uX8mf81A, 7tYKF4w9nC0nq9CsPZTHyP","AR, AU, AT, BE, BO, BR, BG, CA, CL, CO, CR, CY, CZ, DK, DO, DE, EC, EE, SV, FI, FR, GR, GT, HN, HK, HU, IS, IE, IT, LV, LT, LU, MY, MT, MX, NL, NZ, NI, NO, PA, PY, PE, PH, PL, PT, SG, SK, ES, SE, CH, TW, TR, UY, US, GB, AD, LI, MC, ID, JP, TH, VN, RO, IL, ZA, SA, AE, BH, QA, OM, KW, EG, MA, DZ, TN, LB, JO, PS, IN, KZ, MD, UA, AL, BA, HR, ME, MK, RS, SI, KR, BD, PK, LK, GH, KE, NG, TZ, UG, AG, AM, BS, BB, BZ, BT, BW, BF, CV, CW, DM, FJ, GM, GE, GD, GW, GY, HT, JM, KI, LS, LR, MW, MV, ML, MH, FM, NA, NR, NE, PW, PG, WS, SM, ST, SN, SC, SL, SB, KN, LC, VC, SR, TL, TO, TT, TV, VU, AZ, BN, BI, KH, CM, TD, KM, GQ, SZ, GA, GN, KG, LA, MO, MR, MN, NP, RW, TG, UZ, ZW, BJ, MG, MU, MZ, AO, CI, DJ, ZM, CD, CG, IQ, LY, TJ, VE, ET, XK"
6,Ghost,Justin Bieber,1uNFoZAHBGtllmzznpCI3s,"AR, AU, AT, BE, BO, BR, BG, CA, CL, CO, CR, CY, CZ, DK, DO, DE, EC, EE, SV, FI, FR, GR, GT, HN, HK, HU, IS, IE, IT, LV, LT, LU, MY, MT, MX, NL, NZ, NI, NO, PA, PY, PE, PH, PL, PT, SG, SK, ES, SE, CH, TW, TR, UY, US, GB, AD, LI, MC, ID, JP, TH, VN, RO, IL, ZA, SA, AE, BH, QA, OM, KW, EG, MA, DZ, TN, LB, JO, PS, IN, BY, KZ, MD, UA, AL, BA, HR, ME, MK, RS, SI, KR, BD, PK, LK, GH, KE, NG, TZ, UG, AG, AM, BS, BB, BZ, BT, BW, BF, CV, CW, DM, FJ, GM, GE, GD, GW, GY, HT, JM, KI, LS, LR, MW, MV, ML, MH, FM, NA, NR, NE, PW, PG, WS, SM, ST, SN, SC, SL, SB, KN, LC, VC, SR, TL, TO, TT, TV, VU, AZ, BN, BI, KH, CM, TD, KM, GQ, SZ, GA, GN, KG, LA, MO, MR, MN, NP, RW, TG, UZ, ZW, BJ, MG, MU, MZ, AO, CI, DJ, ZM, CD, CG, IQ, LY, TJ, VE, ET, XK"
7,Heartless,Kanye West,5K4W6rqBFWDnAN6FQUkS6x,"AR, AU, AT, BE, BO, BR, BG, CA, CL, CO, CR, CY, CZ, DK, DO, DE, EC, EE, SV, FI, FR, GR, GT, HN, HK, HU, IS, IE, IT, LV, LT, LU, MY, MT, MX, NL, NZ, NI, NO, PA, PY, PE, PH, PL, PT, SG, SK, ES, SE, CH, TW, TR, UY, US, AD, LI, MC, ID, JP, TH, VN, RO, IL, ZA, SA, AE, BH, QA, OM, KW, EG, MA, DZ, TN, LB, JO, PS, IN, BY, KZ, MD, UA, AL, BA, HR, ME, MK, RS, SI, KR, BD, PK, LK, GH, KE, NG, TZ, UG, AG, AM, BS, BB, BZ, BT, BW, BF, CV, CW, DM, FJ, GM, GE, GD, GW, GY, HT, JM, KI, LS, LR, MW, MV, ML, MH, FM, NA, NR, NE, PW, PG, WS, SM, ST, SN, SC, SL, SB, KN, LC, VC, SR, TL, TO, TT, TV, VU, AZ, BN, BI, KH, CM, TD, KM, GQ, SZ, GA, GN, KG, LA, MO, MR, MN, NP, RW, TG, UZ, ZW, BJ, MG, MU, MZ, AO, CI, DJ, ZM, CD, CG, IQ, LY, TJ, VE, ET, XK"
8,Houdini,Dua Lipa,6M2wZ9GZgrQXHCFfjv46we,"AR, AU, BE, BO, BR, BG, CA, CL, CO, CR, CY, CZ, DK, DO, EC, EE, SV, FI, FR, GR, GT, HN, HK, HU, IS, IE, IT, LV, LT, LU, MY, MT, MX, NL, NZ, NI, NO, PA, PY, PE, PH, PL, PT, SG, SK, ES, SE, TW, TR, UY, US, GB, AD, LI, MC, ID, JP, TH, VN, RO, IL, ZA, SA, AE, BH, QA, OM, KW, EG, MA, DZ, TN, LB, JO, PS, IN, KZ, MD, UA, AL, BA, HR, ME, MK, RS, SI, KR, BD, PK, LK, GH, KE, NG, TZ, UG, AG, AM, BS, BB, BZ, BT, BW, BF, CV, CW, DM, FJ, GM, GE, GD, GW, GY, HT, JM, KI, LS, LR, MW, MV, ML, MH, FM, NA, NR, NE, PW, PG, WS, SM, ST, SN, SC, SL, SB, KN, LC, VC, SR, TL, TO, TT, TV, VU, AZ, BN, BI, KH, CM, TD, KM, GQ, SZ, GA, GN, KG, LA, MO, MR, MN, NP, RW, TG, UZ, ZW, BJ, MG, MU, MZ, AO, CI, DJ, ZM, CD, CG, IQ, LY, TJ, VE, ET, XK"
9,Yellow,Coldplay,4gzpq5DPGxSnKTe4SA8HAU,"AR, AU, AT, BE, BO, BR, BG, CA, CL, CO, CR, CY, CZ, DK, DO, DE, EC, EE, SV, FI, FR, GR, GT, HN, HK, HU, IS, IE, IT, LV, LT, LU, MY, MT, MX, NL, NZ, NI, NO, PA, PY, PE, PH, PL, PT, SG, SK, ES, SE, CH, TW, TR, UY, US, GB, AD, LI, MC, ID, JP, TH, VN, RO, IL, ZA, SA, AE, BH, QA, OM, KW, EG, MA, DZ, TN, LB, JO, PS, IN, BY, KZ, MD, UA, AL, BA, HR, ME, MK, RS, SI, KR, BD, PK, LK, GH, KE, NG, TZ, UG, AG, AM, BS, BB, BZ, BT, BW, BF, CV, CW, DM, FJ, GM, GE, GD, GW, GY, HT, JM, KI, LS, LR, MW, MV, ML, MH, FM, NA, NR, NE, PW, PG, WS, SM, ST, SN, SC, SL, SB, KN, LC, VC, SR, TL, TO, TT, TV, VU, AZ, BN, BI, KH, CM, TD, KM, GQ, SZ, GA, GN, KG, LA, MO, MR, MN, NP, RW, TG, UZ, ZW, BJ, MG, MU, MZ, AO, CI, DJ, ZM, CD, CG, IQ, LY, TJ, VE, ET, XK"
10,Locked out of Heaven,Bruno Mars,0du5cEVh5yTK9QJze8zA0C,"AR, AU, AT, BE, BO, BR, BG, CA, CL, CO, CR, CY, CZ, DK, DO, DE, EC, EE, SV, FI, FR, GR, GT, HN, HK, HU, IS, IE, IT, LV, LT, LU, MY, MT, MX, NL, NZ, NI, NO, PA, PY, PE, PH, PL, PT, SG, SK, ES, CH, TW, TR, UY, US, GB, LI, ID, JP, TH, VN, RO, IL, ZA, SA, AE, BH, QA, OM, KW, EG, MA, DZ, TN, LB, JO, PS, IN, BY, KZ, MD, UA, AL, BA, HR, ME, MK, RS, SI, KR, BD, PK, LK, GH, KE, NG, TZ, UG, AG, AM, BS, BB, BZ, BW, BF, CV, CW, DM, FJ, GM, GE, GD, GW, HT, JM, LS, LR, MW, ML, FM, NA, NE, PG, ST, SN, SC, SL, KN, LC, VC, TL, TT, AZ, BN, BI, KH, CM, TD, KM, GQ, SZ, GA, GN, KG, LA, MO, MR, MN, NP, RW, TG, UZ, ZW, BJ, MG, MU, MZ, AO, CI, DJ, ZM, CD, CG, IQ, LY, TJ, VE, ET, XK"
11,TEXAS HOLD 'EM,Beyoncé,6vWDO969PvNqNYHIOW5v0m,"AR, AU, AT, BE, BO, BR, BG, CA, CL, CO, CR, CY, CZ, DK, DO, DE, EC, EE, SV, FI, FR, GR, GT, HN, HK, HU, IS, IE, IT, LV, LT, LU, MY, MT, MX, NL, NZ, NI, NO, PA, PY, PE, PH, PL, PT, SG, SK, ES, SE, CH, TW, TR, UY, US, GB, AD, LI, MC, ID, JP, TH, VN, RO, IL, ZA, SA, AE, BH, QA, OM, KW, EG, MA, DZ, TN, LB, JO, PS, IN, BY, KZ, MD, UA, AL, BA, HR, ME, MK, RS, SI, KR, BD, PK, LK, GH, KE, NG, TZ, UG, AG, AM, BS, BB, BZ, BT, BW, BF, CV, CW, DM, FJ, GM, GE, GD, GW, GY, HT, JM, KI, LS, LR, MW, MV, ML, MH, FM, NA, NR, NE, PW, PG, WS, SM, ST, SN, SC, SL, SB, KN, LC, VC, SR, TL, TO, TT, TV, VU, AZ, BN, BI, KH, CM, TD, KM, GQ, SZ, GA, GN, KG, LA, MO, MR, MN, NP, RW, TG, UZ, ZW, BJ, MG, MU, MZ, AO, CI, DJ, ZM, CD, CG, IQ, LY, TJ, VE, ET, XK"
12,Snooze,SZA,7tYKF4w9nC0nq9CsPZTHyP,"AR, AU, AT, BE, BO, BR, BG, CA, CL, CO, CR, CY, CZ, DK, DO, DE, EC, EE, SV, FI, FR, GR, GT, HN, HK, HU, IS, IE, IT, LV, LT, LU, MY, MT, MX, NL, NZ, NI, NO, PA, PY, PE, PH, PL, PT, SG, SK, ES, SE, CH, TW, TR, UY, US, GB, AD, LI, MC, ID, JP, TH, VN, RO, IL, ZA, SA, AE, BH, QA, OM, KW, EG, MA, DZ, TN, LB, JO, PS, IN, BY, KZ, MD, UA, AL, BA, HR, ME, MK, RS, SI, KR, BD, PK, LK, GH, KE, NG, TZ, UG, AG, AM, BS, BB, BZ, BT, BW, BF, CV, CW, DM, FJ, GM, GE, GD, GW, GY, HT, JM, KI, LS, LR, MW, MV, ML, MH, FM, NA, NR, NE, PW, PG, WS, SM, ST, SN, SC, SL, SB, KN, LC, VC, SR, TL, TO, TT, TV, VU, AZ, BN, BI, KH, CM, TD, KM, GQ, SZ, GA, GN, KG, LA, MO, MR, MN, NP, RW, TG, UZ, ZW, BJ, MG, MU, MZ, AO, CI, DJ, ZM, CD, CG, IQ, LY, TJ, VE, ET, XK"
13,I'm Good (Blue),"David Guetta, Bebe Rexha","1Cs0zKBU1kc0i8ypK3B9ai, 64M6ah0SkkRsnPGtGiRAbb","AR, AU, AT, BE, BO, BR, BG, CA, CL, CO, CR, CY, CZ, DK, DO, DE, EC, EE, SV, FI, FR, GR, GT, HN, HK, HU, IS, IE, IT, LV, LT, LU, MY, MT, MX, NL, NZ, NI, NO, PA, PY, PE, PH, PL, PT, SG, SK, ES, SE, CH, TW, TR, UY, US, GB, AD, LI, MC, ID, JP, TH, VN, RO, IL, ZA, SA, AE, BH, QA, OM, KW, EG, MA, DZ, TN, LB, JO, PS, IN, KZ, MD, UA, AL, BA, HR, ME, MK, RS, SI, KR, BD, PK, LK, GH, KE, NG, TZ, UG, AG, AM, BS, BB, BZ, BT, BW, BF, CV, CW, DM, FJ, GM, GE, GD, GW, GY, HT, JM, KI, LS, LR, MW, MV, ML, MH, FM, NA, NR, NE, PW, PG, WS, SM, ST, SN, SC, SL, SB, KN, LC, VC, SR, TL, TO, TT, TV, VU, AZ, BN, BI, KH, CM, TD, KM, GQ, SZ, GA, GN, KG, LA, MO, MR, MN, NP, RW, TG, UZ, ZW, BJ, MG, MU, MZ, AO, CI, DJ, ZM, CD, CG, IQ, LY, TJ, VE, ET, XK"
14,Perfect,Ed Sheeran,6eUKZXaKkcviH0Ku9w2n3V,"AR, AU, AT, BE, BO, BR, BG, CA, CL, CO, CR, CY, CZ, DK, DO, DE, EC, EE, SV, FI, FR, GR, GT, HN, HK, HU, IS, IE, IT, LV, LT, LU, MY, MT, MX, NL, NZ, NI, NO, PA, PY, PE, PH, PL, PT, SG, SK, ES, SE, CH, TW, TR, UY, US, GB, AD, LI, MC, ID, JP, TH, VN, RO, IL, ZA, SA, AE, BH, QA, OM, KW, EG, MA, DZ, TN, LB, JO, PS, IN, BY, KZ, MD, UA, AL, BA, HR, ME, MK, RS, SI, KR, BD, PK, LK, GH, KE, NG, TZ, UG, AG, AM, BS, BB, BZ, BT, BW, BF, CV, CW, DM, FJ, GM, GE, GD, GW, GY, HT, JM, KI, LS, LR, MW, MV, ML, MH, FM, NA, NR, NE, PW, PG, WS, SM, ST, SN, SC, SL, SB, KN, LC, VC, SR, TL, TO, TT, TV, VU, AZ, BN, BI, KH, CM, TD, KM, GQ, SZ, GA, GN, KG, LA, MO, MR, MN, NP, RW, TG, UZ, ZW, BJ, MG, MU, MZ, AO, CI, DJ, ZM, CD, CG, IQ, LY, TJ, VE, ET, XK"
15,Without Me,Eminem,7dGJo4pcD2V6oG8kP0tJRR,"AR, AU, AT, BE, BO, BR, BG, CA, CL, CO, CR, CY, CZ, DK, DO, DE, EC, EE, SV, FI, FR, GR, GT, HN, HK, HU, IS, IE, IT, LV, LT, LU, MY, MT, MX, NL, NZ, NI, NO, PA, PY, PE, PH, PL, PT, SG, SK, ES, SE, CH, TW, TR, UY, US, GB, AD, LI, MC, ID, JP, TH, VN, RO, IL, ZA, SA, AE, BH, QA, OM, KW, EG, MA, DZ, TN, LB, JO, PS, IN, BY, KZ, MD, UA, AL, BA, HR, ME, MK, RS, SI, KR, BD, PK, LK, GH, KE, NG, TZ, UG, AG, AM, BS, BB, BZ, BT, BW, BF, CV, CW, DM, FJ, GM, GE, GD, GW, GY, HT, JM, KI, LS, LR, MW, MV, ML, MH, FM, NA, NR, NE, PW, PG, WS, SM, ST, SN, SC, SL, SB, KN, LC, VC, SR, TL, TO, TT, TV, VU, AZ, BN, BI, KH, CM, TD, KM, GQ, SZ, GA, GN, KG, LA, MO, MR, MN, NP, RW, TG, UZ, ZW, BJ, MG, MU, MZ, AO, CI, DJ, ZM, CD, CG, IQ, LY, TJ, VE, ET, XK"
16,PERRO NEGRO,"Bad Bunny, Feid","4q3ewBCX7sLwd24euuV69X, 2LRoIwlKmHjgvigdNGBHNo","AR, AU, AT, BE, BO, BR, BG, CA, CL, CO, CR, CY, CZ, DK, DO, DE, EC, EE, SV, FI, FR, GR, GT, HN, HK, HU, IS, IE, IT, LV, LT, LU, MY, MT, MX, NL, NZ, NI, NO, PA, PY, PE, PH, PL, PT, SG, SK, ES, SE, CH, TW, TR, UY, US, GB, AD, LI, MC, ID, JP, TH, VN, RO, IL, ZA, SA, AE, BH, QA, OM, KW, EG, MA, DZ, TN, LB, JO, PS, IN, BY, KZ, MD, UA, AL, BA, HR, ME, MK, RS, SI, KR, BD, PK, LK, GH, KE, NG, TZ, UG, AG, AM, BS, BB, BZ, BT, BW, BF, CV, CW, DM, FJ, GM, GE, GD, GW, GY, HT, JM, KI, LS, LR, MW, MV, ML, MH, FM, NA, NR, NE, PW, PG, WS, SM, ST, SN, SC, SL, SB, KN, LC, VC, SR, TL, TO, TT, TV, VU, AZ, BN, BI, KH, CM, TD, KM, GQ, SZ, GA, GN, KG, LA, MO, MR, MN, NP, RW, TG, UZ, ZW, BJ, MG, MU, MZ, AO, CI, DJ, ZM, CD, CG, IQ, LY, TJ, VE, ET, XK"
17,Flowers,Miley Cyrus,5YGY8feqx7naU7z4HrwZM6,"AR, AU, AT, BE, BO, BR, BG, CA, CL, CO, CR, CY, CZ, DK, DO, DE, EC, EE, SV, FI, FR, GR, GT, HN, HK, HU, IS, IE, IT, LV, LT, LU, MY, MT, MX, NL, NZ, NI, NO, PA, PY, PE, PH, PL, PT, SG, SK, ES, SE, CH, TW, TR, UY, US, GB, AD, LI, MC, ID, JP, TH, VN, RO, IL, ZA, SA, AE, BH, QA, OM, KW, EG, MA, DZ, TN, LB, JO, PS, IN, BY, KZ, MD, UA, AL, BA, HR, ME, MK, RS, SI, KR, BD, PK, LK, GH, KE, NG, TZ, UG, AG, AM, BS, BB, BZ, BT, BW, BF, CV, CW, DM, FJ, GM, GE, GD, GW, GY, HT, JM, KI, LS, LR, MW, MV, ML, MH, FM, NA, NR, NE, PW, PG, WS, SM, ST, SN, SC, SL, SB, KN, LC, VC, SR, TL, TO, TT, TV, VU, AZ, BN, BI, KH, CM, TD, KM, GQ, SZ, GA, GN, KG, LA, MO, MR, MN, NP, RW, TG, UZ, ZW, BJ, MG, MU, MZ, AO, CI, DJ, ZM, CD, CG, IQ, LY, TJ, VE, ET, XK"
18,Happier,"Marshmello, Bastille","64KEffDW9EtZ1y2vBYgq8T, 7EQ0qTo7fWT7DPxmxtSYEc","AR, AU, AT, BE, BO, BR, BG, CA, CL, CO, CR, CY, CZ, DK, DO, DE, EC, EE, SV, FI, FR, GR, GT, HN, HK, HU, IS, IE, IT, LV, LT, LU, MY, MT, MX, NL, NZ, NI, NO, PA, PY, PE, PH, PL, PT, SG, SK, ES, SE, CH, TW, TR, UY, US, GB, AD, LI, MC, ID, JP, TH, VN, RO, IL, ZA, SA, AE, BH, QA, OM, KW, EG, MA, DZ, TN, LB, JO, PS, IN, BY, KZ, MD, UA, AL, BA, HR, ME, MK, RS, SI, KR, BD, PK, LK, GH, KE, NG, TZ, UG, AG, AM, BS, BB, BZ, BT, BW, BF, CV, CW, DM, FJ, GM, GE, GD, GW, GY, HT, JM, KI, LS, LR, MW, MV, ML, MH, FM, NA, NR, NE, PW, PG, WS, SM, ST, SN, SC, SL, SB, KN, LC, VC, SR, TL, TO, TT, TV, VU, AZ, BN, BI, KH, CM, TD, KM, GQ, SZ, GA, GN, KG, LA, MO, MR, MN, NP, RW, TG, UZ, ZW, BJ, MG, MU, MZ, AO, CI, DJ, ZM, CD, CG, IQ, LY, TJ, VE, ET, XK"
19,FE!N (feat. Playboi Carti),"Travis Scott, Playboi Carti","0Y5tJX1MQlPlqiwlOH1tJY, 699OTQXzgjhIYAHMy9RyPD","AR, AU, AT, BE, BO, BR, BG, CA, CL, CO, CR, CY, CZ, DK, DO, DE, EC, EE, SV, FI, FR, GR, GT, HN, HK, HU, IS, IE, IT, LV, LT, LU, MY, MT, MX, NL, NZ, NI, NO, PA, PY, PE, PH, PL, PT, SG, SK, ES, SE, CH, TW, TR, UY, US, GB, AD, LI, MC, ID, JP, TH, VN, RO, IL, ZA, SA, AE, BH, QA, OM, KW, EG, MA, DZ, TN, LB, JO, PS, IN, BY, KZ, MD, UA, AL, BA, HR, ME, MK, RS, SI, KR, BD, PK, LK, GH, KE, NG, TZ, UG, AG, AM, BS, BB, BZ, BT, BW, BF, CV, CW, DM, FJ, GM, GE, GD, GW, GY, HT, JM, KI, LS, LR, MW, MV, ML, MH, FM, NA, NR, NE, PW, PG, WS, SM, ST, SN, SC, SL, SB, KN, LC, VC, SR, TL, TO, TT, TV, VU, AZ, BN, BI, KH, CM, TD, KM, GQ, SZ, GA, GN, KG, LA, MO, MR, MN, NP, RW, TG, UZ, ZW, BJ, MG, MU, MZ, AO, CI, DJ, ZM, CD, CG, IQ, LY, TJ, VE, ET, XK"
20,"What Was I Made For? [From The Motion Picture ""Barbie""]",Billie Eilish,6qqNVTkY8uBg9cP3Jd7DAH,"AR, AU, AT, BE, BO, BR, BG, CA, CL, CO, CR, CY, CZ, DK, DO, DE, EC, EE, SV, FI, FR, GR, GT, HN, HK, HU, IS, IE, IT, LV, LT, LU, MY, MT, MX, NL, NZ, NI, NO, PA, PY, PE, PH, PL, PT, SG, SK, ES, SE, CH, TW, TR, UY, US, GB, AD, LI, MC, ID, JP, TH, VN, RO, IL, ZA, SA, AE, BH, QA, OM, KW, EG, MA, DZ, TN, LB, JO, PS, IN, KZ, MD, UA, AL, BA, HR, ME, MK, RS, SI, KR, BD, PK, LK, GH, KE, NG, TZ, UG, AG, AM, BS, BB, BZ, BT, BW, BF, CV, CW, DM, FJ, GM, GE, GD, GW, GY, HT, JM, KI, LS, LR, MW, MV, ML, MH, FM, NA, NR, NE, PW, PG, WS, SM, ST, SN, SC, SL, SB, KN, LC, VC, SR, TL, TO, TT, TV, VU, AZ, BN, BI, KH, CM, TD, KM, GQ, SZ, GA, GN, KG, LA, MO, MR, MN, NP, RW, TG, UZ, ZW, BJ, MG, MU, MZ, AO, CI, DJ, ZM, CD, CG, IQ, LY, TJ, VE, ET, XK"
21,This Is What You Came For,"Calvin Harris, Rihanna","7CajNmpbOovFoOoasH2HaY, 5pKCCKE2ajJHZ9KAiaK11H","AR, AU, AT, BE, BO, BR, BG, CA, CL, CO, CR, CY, CZ, DK, DO, DE, EC, EE, SV, FI, FR, GR, GT, HN, HK, HU, IS, IE, IT, LV, LT, LU, MY, MT, MX, NL, NZ, NI, NO, PA, PY, PE, PH, PL, PT, SG, SK, ES, SE, CH, TW, TR, UY, US, GB, AD, LI, MC, ID, JP, TH, VN, RO, IL, ZA, SA, AE, BH, QA, OM, KW, EG, MA, DZ, TN, LB, JO, PS, IN, BY, KZ, MD, UA, AL, BA, HR, ME, MK, RS, SI, KR, BD, PK, LK, GH, KE, NG, TZ, UG, AG, AM, BS, BB, BZ, BT, BW, BF, CV, CW, DM, FJ, GM, GE, GD, GW, GY, HT, JM, KI, LS, LR, MW, MV, ML, MH, FM, NA, NR, NE, PW, PG, WS, SM, ST, SN, SC, SL, SB, KN, LC, VC, SR, TL, TO, TT, TV, VU, AZ, BN, BI, KH, CM, TD, KM, GQ, SZ, GA, GN, KG, LA, MO, MR, MN, NP, RW, TG, UZ, ZW, BJ, MG, MU, MZ, AO, CI, DJ, ZM, CD, CG, IQ, LY, TJ, VE, ET, XK"
22,Paint The Town Red,Doja Cat,5cj0lLjcoR7YOSnhnX0Po5,"AR, AU, AT, BE, BO, BR, BG, CA, CL, CO, CR, CY, CZ, DK, DO, DE, EC, EE, SV, FI, FR, GR, GT, HN, HK, HU, IS, IE, IT, LV, LT, LU, MY, MT, MX, NL, NZ, NI, NO, PA, PY, PE, PH, PL, PT, SG, SK, ES, SE, CH, TW, TR, UY, US, GB, AD, LI, MC, ID, JP, TH, VN, RO, IL, ZA, SA, AE, BH, QA, OM, KW, EG, MA, DZ, TN, LB, JO, PS, IN, BY, KZ, MD, UA, AL, BA, HR, ME, MK, RS, SI, KR, BD, PK, LK, GH, KE, NG, TZ, UG, AG, AM, BS, BB, BZ, BT, BW, BF, CV, CW, DM, FJ, GM, GE, GD, GW, GY, HT, JM, KI, LS, LR, MW, MV, ML, MH, FM, NA, NR, NE, PW, PG, WS, SM, ST, SN, SC, SL, SB, KN, LC, VC, SR, TL, TO, TT, TV, VU, AZ, BN, BI, KH, CM, TD, KM, GQ, SZ, GA, GN, KG, LA, MO, MR, MN, NP, RW, TG, UZ, ZW, BJ, MG, MU, MZ, AO, CI, DJ, ZM, CD, CG, IQ, LY, TJ, VE, ET, XK"
23,redrum,21 Savage,1URnnhqYAYcrqrcwql10ft,"AR, AU, AT, BE, BO, BR, BG, CA, CL, CO, CR, CY, CZ, DK, DO, DE, EC, EE, SV, FI, FR, GR, GT, HN, HK, HU, IS, IE, IT, LV, LT, LU, MY, MT, MX, NL, NZ, NI, NO, PA, PY, PE, PH, PL, PT, SG, SK, ES, SE, CH, TW, TR, UY, US, GB, AD, LI, MC, ID, JP, TH, VN, RO, IL, ZA, SA, AE, BH, QA, OM, KW, EG, MA, DZ, TN, LB, JO, PS, IN, BY, KZ, MD, UA, AL, BA, HR, ME, MK, RS, SI, KR, BD, PK, LK, GH, KE, NG, TZ, UG, AG, AM, BS, BB, BZ, BT, BW, BF, CV, CW, DM, FJ, GM, GE, GD, GW, GY, HT, JM, KI, LS, LR, MW, MV, ML, MH, FM, NA, NR, NE, PW, PG, WS, SM, ST, SN, SC, SL, SB, KN, LC, VC, SR, TL, TO, TT, TV, VU, AZ, BN, BI, KH, CM, TD, KM, GQ, SZ, GA, GN, KG, LA, MO, MR, MN, NP, RW, TG, UZ, ZW, BJ, MG, MU, MZ, AO, CI, DJ, ZM, CD, CG, IQ, LY, TJ, VE, ET, XK"
24,Maps,Maroon 5,04gDigrS5kc9YWfZHwBETP,"AR, AU, AT, BE, BO, BR, BG, CA, CL, CO, CR, CY, CZ, DK, DO, DE, EC, EE, SV, FI, FR, GR, GT, HN, HU, IS, IE, IT, LV, LT, LU, MT, MX, NL, NZ, NI, NO, PA, PY, PE, PL, PT, SK, ES, CH, TR, UY, US, GB, AD, LI, MC, RO, IL, ZA, SA, AE, BH, QA, OM, KW, EG, MA, DZ, TN, LB, JO, BY, KZ, MD, UA, AL, BA, HR, ME, MK, RS, SI, BD, PK, GH, KE, NG, TZ, UG, AG, AM, BS, BB, BZ, BT, BW, BF, CV, CW, DM, FJ, GM, GE, GD, GW, GY, HT, JM, KI, LS, LR, MW, MV, ML, MH, FM, NA, NR, NE, PW, PG, WS, SM, ST, SN, SC, SL, SB, KN, LC, VC, SR, TL, TO, TT, TV, VU, AZ, BI, CM, TD, KM, GQ, SZ, GA, GN, KG, MR, MN, NP, RW, TG, UZ, ZW, BJ, MG, MU, MZ, AO, CI, DJ, ZM, CD, CG, IQ, LY, TJ, VE, ET, XK"
25,Hips Don't Lie (feat. Wyclef Jean),"Shakira, Wyclef Jean","0EmeFodog0BfCgMzAIvKQp, 7aBzpmFXB4WWpPl2F7RjBe","AR, AU, AT, BE, BO, BR, BG, CA, CL, CO, CR, CY, CZ, DK, DO, DE, EC, EE, SV, FI, FR, GR, GT, HN, HK, HU, IS, IE, IT, LV, LT, LU, MY, MT, MX, NL, NZ, NI, NO, PA, PY, PE, PH, PL, PT, SG, SK, ES, SE, CH, TW, TR, UY, US, GB, AD, LI, MC, ID, JP, TH, VN, RO, IL, ZA, SA, AE, BH, QA, OM, KW, EG, MA, DZ, TN, LB, JO, PS, IN, BY, KZ, MD, UA, AL, BA, HR, ME, MK, RS, SI, KR, BD, PK, LK, GH, KE, NG, TZ, UG, AG, AM, BS, BB, BZ, BT, BW, BF, CV, CW, DM, FJ, GM, GE, GD, GW, GY, HT, JM, KI, LS, LR, MW, MV, ML, MH, FM, NA, NR, NE, PW, PG, WS, SM, ST, SN, SC, SL, SB, KN, LC, VC, SR, TL, TO, TT, TV, VU, AZ, BN, BI, KH, CM, TD, KM, GQ, SZ, GA, GN, KG, LA, MO, MR, MN, NP, RW, TG, UZ, ZW, BJ, MG, MU, MZ, AO, CI, DJ, ZM, CD, CG, IQ, LY, TJ, VE, ET, XK"
26,Demons,Imagine Dragons,53XhwfbYqKCa1cC15pYq2q,"CA, US"
27,Sunflower - Spider-Man: Into the Spider-Verse,"Post Malone, Swae Lee","246dkjvS1zLTtiykXe5h60, 1zNqQNIdeOUZHb8zbZRFMX","AR, AU, AT, BE, BO, BR, BG, CA, CL, CO, CR, CY, CZ, DK, DO, DE, EC, EE, SV, FI, FR, GR, GT, HN, HK, HU, IS, IE, IT, LV, LT, LU, MY, MT, MX, NL, NZ, NI, NO, PA, PY, PE, PH, PL, PT, SG, SK, ES, SE, CH, TW, TR, UY, US, GB, AD, LI, MC, ID, JP, TH, VN, RO, IL, ZA, SA, AE, BH, QA, OM, KW, EG, MA, DZ, TN, LB, JO, PS, IN, KZ, MD, UA, AL, BA, HR, ME, MK, RS, SI, KR, BD, PK, LK, GH, KE, NG, TZ, UG, AG, AM, BS, BB, BZ, BT, BW, BF, CV, CW, DM, FJ, GM, GE, GD, GW, GY, HT, JM, KI, LS, LR, MW, MV, ML, MH, FM, NA, NR, NE, PW, PG, WS, SM, ST, SN, SC, SL, SB, KN, LC, VC, SR, TL, TO, TT, TV, VU, AZ, BN, BI, KH, CM, TD, KM, GQ, SZ, GA, GN, KG, LA, MO, MR, MN, NP, RW, TG, UZ, ZW, BJ, MG, MU, MZ, AO, CI, DJ, ZM, CD, CG, IQ, LY, TJ, VE, ET, XK"
28,greedy,Tate McRae,45dkTj5sMRSjrmBSBeiHym,"AR, AU, AT, BE, BO, BR, BG, CA, CL, CO, CR, CY, CZ, DK, DO, DE, EC, EE, SV, FI, FR, GR, GT, HN, HK, HU, IS, IE, IT, LV, LT, LU, MY, MT, MX, NL, NZ, NI, NO, PA, PY, PE, PH, PL, PT, SG, SK, ES, CH, TW, TR, UY, US, GB, AD, LI, MC, ID, JP, TH, VN, RO, IL, ZA, SA, AE, BH, QA, OM, KW, EG, MA, DZ, TN, LB, JO, PS, IN, BY, KZ, MD, UA, AL, BA, HR, ME, MK, RS, SI, KR, BD, PK, LK, GH, KE, NG, TZ, UG, AG, AM, BS, BB, BZ, BT, BW, BF, CV, CW, DM, FJ, GM, GE, GD, GW, GY, HT, JM, KI, LS, LR, MW, MV, ML, MH, FM, NA, NR, NE, PW, PG, WS, SM, ST, SN, SC, SL, SB, KN, LC, VC, SR, TL, TO, TT, TV, VU, AZ, BN, BI, KH, CM, TD, KM, GQ, SZ, GA, GN, KG, LA, MO, MR, MN, NP, RW, TG, UZ, ZW, BJ, MG, MU, MZ, AO, CI, DJ, ZM, CD, CG, IQ, LY, TJ, VE, ET, XK"
29,Last Friday Night (T.G.I.F.),Katy Perry,6jJ0s89eD6GaHleKKya26X,"CA, MX, US"
30,vampire,Olivia Rodrigo,1McMsnEElThX1knmY4oliG,"AR, AU, AT, BE, BO, BR, BG, CA, CL, CO, CR, CY, CZ, DK, DO, DE, EC, EE, SV, FI, FR, GR, GT, HN, HK, HU, IS, IE, IT, LV, LT, LU, MY, MT, MX, NL, NZ, NI, NO, PA, PY, PE, PH, PL, PT, SG, SK, ES, SE, CH, TW, TR, UY, US, GB, AD, LI, MC, ID, JP, TH, VN, RO, IL, ZA, SA, AE, BH, QA, OM, KW, EG, MA, DZ, TN, LB, JO, PS, IN, KZ, MD, UA, AL, BA, HR, ME, MK, RS, SI, KR, BD, PK, LK, GH, KE, NG, TZ, UG, AG, AM, BS, BB, BZ, BT, BW, BF, CV, CW, DM, FJ, GM, GE, GD, GW, GY, HT, JM, KI, LS, LR, MW, MV, ML, MH, FM, NA, NR, NE, PW, PG, WS, SM, ST, SN, SC, SL, SB, KN, LC, VC, SR, TL, TO, TT, TV, VU, AZ, BN, BI, KH, CM, TD, KM, GQ, SZ, GA, GN, KG, LA, MO, MR, MN, NP, RW, TG, UZ, ZW, BJ, MG, MU, MZ, AO, CI, DJ, ZM, CD, CG, IQ, LY, TJ, VE, ET, XK"
31,Poker Face,Lady Gaga,1HY2Jd0NmPuamShAr6KMms,"AR, AU, AT, BE, BO, BR, BG, CA, CL, CO, CR, CY, CZ, DK, DO, DE, EC, EE, SV, FI, FR, GR, GT, HN, HK, HU, IS, IE, IT, LV, LT, LU, MY, MT, MX, NL, NZ, NI, NO, PA, PY, PE, PH, PL, PT, SG, SK, ES, SE, CH, TW, TR, UY, US, GB, AD, LI, MC, ID, JP, TH, VN, RO, IL, ZA, SA, AE, BH, QA, OM, KW, EG, MA, DZ, TN, LB, JO, PS, IN, BY, KZ, MD, UA, AL, BA, HR, ME, MK, RS, SI, KR, BD, PK, LK, GH, KE, NG, TZ, UG, AG, AM, BS, BB, BZ, BT, BW, BF, CV, CW, DM, FJ, GM, GE, GD, GW, GY, HT, JM, KI, LS, LR, MW, MV, ML, MH, FM, NA, NR, NE, PW, PG, WS, SM, ST, SN, SC, SL, SB, KN, LC, VC, SR, TL, TO, TT, TV, VU, AZ, BN, BI, KH, CM, TD, KM, GQ, SZ, GA, GN, KG, LA, MO, MR, MN, NP, RW, TG, UZ, ZW, BJ, MG, MU, MZ, AO, CI, DJ, ZM, CD, CG, IQ, LY, TJ, VE, ET, XK"
32,Summertime Sadness,Lana Del Rey,00FQb4jTyendYWaN8pK0wa,"AR, AU, AT, BE, BO, BR, BG, CA, CL, CO, CR, CY, CZ, DK, DO, DE, EC, EE, SV, FI, FR, GR, GT, HN, HK, HU, IS, IE, IT, LV, LT, LU, MY, MT, MX, NL, NZ, NI, NO, PA, PY, PE, PH, PL, PT, SG, SK, ES, SE, CH, TW, TR, UY, US, GB, AD, LI, MC, ID, JP, TH, VN, RO, IL, ZA, SA, AE, BH, QA, OM, KW, EG, MA, DZ, TN, LB, JO, PS, IN, BY, KZ, MD, UA, AL, BA, HR, ME, MK, RS, SI, KR, BD, PK, LK, GH, KE, NG, TZ, UG, AG, AM, BS, BB, BZ, BT, BW, BF, CV, CW, DM, FJ, GM, GE, GD, GW, GY, HT, JM, KI, LS, LR, MW, MV, ML, MH, FM, NA, NR, NE, PW, PG, WS, SM, ST, SN, SC, SL, SB, KN, LC, VC, SR, TL, TO, TT, TV, VU, AZ, BN, BI, KH, CM, TD, KM, GQ, SZ, GA, GN, KG, LA, MO, MR, MN, NP, RW, TG, UZ, ZW, BJ, MG, MU, MZ, AO, CI, DJ, ZM, CD, CG, IQ, LY, TJ, VE, ET, XK"
33,As It Was,Harry Styles,6KImCVD70vtIoJWnq6nGn3,"AR, AU, AT, BE, BO, BR, BG, CA, CL, CO, CR, CY, CZ, DK, DO, DE, EC, EE, SV, FI, FR, GR, GT, HN, HK, HU, IS, IE, IT, LV, LT, LU, MY, MT, MX, NL, NZ, NI, NO, PA, PY, PE, PH, PL, PT, SG, SK, ES, SE, CH, TW, TR, UY, US, GB, AD, LI, MC, ID, JP, TH, VN, RO, IL, ZA, SA, AE, BH, QA, OM, KW, EG, MA, DZ, TN, LB, JO, PS, IN, BY, KZ, MD, UA, AL, BA, HR, ME, MK, RS, SI, KR, BD, PK, LK, GH, KE, NG, TZ, UG, AG, AM, BS, BB, BZ, BT, BW, BF, CV, CW, DM, FJ, GM, GE, GD, GW, GY, HT, JM, KI, LS, LR, MW, MV, ML, MH, FM, NA, NR, NE, PW, PG, WS, SM, ST, SN, SC, SL, SB, KN, LC, VC, SR, TL, TO, TT, TV, VU, AZ, BN, BI, KH, CM, TD, KM, GQ, SZ, GA, GN, KG, LA, MO, MR, MN, NP, RW, TG, UZ, ZW, BJ, MG, MU, MZ, AO, CI, DJ, ZM, CD, CG, IQ, LY, TJ, VE, ET, XK"
34,Set Fire to the Rain,Adele,4dpARuHxo51G3z768sgnrY,"AR, BO, BR, BZ, CL, CO, CR, DO, EC, GT, GY, HN, MX, NI, PA, PE, PY, SR, SV, US, UY, VE"
35,BELLAKEO,"Peso Pluma, Anitta","12GqGscKJx3aE4t07u7eVZ, 7FNnA9vBm6EKceENgCGRMb","AR, AU, AT, BE, BO, BR, BG, CA, CL, CO, CR, CY, CZ, DK, DO, DE, EC, EE, SV, FI, FR, GR, GT, HN, HK, HU, IS, IE, IT, LV, LT, LU, MY, MT, MX, NL, NZ, NI, NO, PA, PY, PE, PH, PL, PT, SG, SK, ES, SE, CH, TW, TR, UY, US, GB, AD, LI, MC, ID, JP, TH, VN, RO, IL, ZA, SA, AE, BH, QA, OM, KW, EG, MA, DZ, TN, LB, JO, PS, IN, BY, KZ, MD, UA, AL, BA, HR, ME, MK, RS, SI, KR, BD, PK, LK, GH, KE, NG, TZ, UG, AG, AM, BS, BB, BZ, BT, BW, BF, CV, CW, DM, FJ, GM, GE, GD, GW, GY, HT, JM, KI, LS, LR, MW, MV, ML, MH, FM, NA, NR, NE, PW, PG, WS, SM, ST, SN, SC, SL, SB, KN, LC, VC, SR, TL, TO, TT, TV, VU, AZ, BN, BI, KH, CM, TD, KM, GQ, SZ, GA, GN, KG, LA, MO, MR, MN, NP, RW, TG, UZ, ZW, BJ, MG, MU, MZ, AO, CI, DJ, ZM, CD, CG, IQ, LY, TJ, VE, ET, XK"
36,QLONA,"KAROL G, Peso Pluma","790FomKkXshlbRYZFtlgla, 12GqGscKJx3aE4t07u7eVZ","AR, AU, AT, BE, BO, BR, BG, CA, CL, CO, CR, CY, CZ, DK, DO, DE, EC, EE, SV, FI, FR, GR, GT, HN, HK, HU, IS, IE, IT, LV, LT, LU, MY, MT, MX, NL, NZ, NI, NO, PA, PY, PE, PH, PL, PT, SG, SK, ES, SE, CH, TW, TR, UY, US, GB, AD, LI, MC, ID, JP, TH, VN, RO, IL, ZA, SA, AE, BH, QA, OM, KW, EG, MA, DZ, TN, LB, JO, PS, IN, KZ, MD, UA, AL, BA, HR, ME, MK, RS, SI, KR, BD, PK, LK, GH, KE, NG, TZ, UG, AG, AM, BS, BB, BZ, BT, BW, BF, CV, CW, DM, FJ, GM, GE, GD, GW, GY, HT, JM, KI, LS, LR, MW, MV, ML, MH, FM, NA, NR, NE, PW, PG, WS, SM, ST, SN, SC, SL, SB, KN, LC, VC, SR, TL, TO, TT, TV, VU, AZ, BN, BI, KH, CM, TD, KM, GQ, SZ, GA, GN, KG, LA, MO, MR, MN, NP, RW, TG, UZ, ZW, BJ, MG, MU, MZ, AO, CI, DJ, ZM, CD, CG, IQ, LY, TJ, VE, ET, XK"
37,Sky,Playboi Carti,699OTQXzgjhIYAHMy9RyPD,"AR, AU, AT, BE, BO, BR, BG, CA, CL, CO, CR, CY, CZ, DK, DO, DE, EC, EE, SV, FI, FR, GR, GT, HN, HK, HU, IS, IE, IT, LV, LT, LU, MY, MT, MX, NL, NZ, NI, NO, PA, PY, PE, PH, PL, PT, SG, SK, ES, SE, CH, TW, TR, UY, US, GB, AD, LI, MC, ID, JP, TH, VN, RO, IL, ZA, SA, AE, BH, QA, OM, KW, EG, MA, DZ, TN, LB, JO, PS, IN, BY, KZ, MD, UA, AL, BA, HR, ME, MK, RS, SI, KR, BD, PK, LK, GH, KE, NG, TZ, UG, AG, AM, BS, BB, BZ, BT, BW, BF, CV, CW, DM, FJ, GM, GE, GD, GW, GY, HT, JM, KI, LS, LR, MW, MV, ML, MH, FM, NA, NR, NE, PW, PG, WS, SM, ST, SN, SC, SL, SB, KN, LC, VC, SR, TL, TO, TT, TV, VU, AZ, BN, BI, KH, CM, TD, KM, GQ, SZ, GA, GN, KG, LA, MO, MR, MN, NP, RW, TG, UZ, ZW, BJ, MG, MU, MZ, AO, CI, DJ, ZM, CD, CG, IQ, LY, TJ, VE, ET, XK"
38,FTCU,Nicki Minaj,0hCNtLu0JehylgoiP8L4Gh,"AR, AU, AT, BE, BO, BR, BG, CA, CL, CO, CR, CY, CZ, DK, DO, DE, EC, EE, SV, FI, FR, GR, GT, HN, HK, HU, IS, IE, IT, LV, LT, LU, MY, MT, MX, NL, NZ, NI, NO, PA, PY, PE, PH, PL, PT, SG, SK, ES, SE, CH, TW, TR, UY, US, GB, AD, LI, MC, ID, JP, TH, VN, RO, IL, ZA, SA, AE, BH, QA, OM, KW, EG, MA, DZ, TN, LB, JO, PS, IN, KZ, MD, UA, AL, BA, HR, ME, MK, RS, SI, KR, BD, PK, LK, GH, KE, NG, TZ, UG, AG, AM, BS, BB, BZ, BT, BW, BF, CV, CW, DM, FJ, GM, GE, GD, GW, GY, HT, JM, KI, LS, LR, MW, MV, ML, MH, FM, NA, NR, NE, PW, PG, WS, SM, ST, SN, SC, SL, SB, KN, LC, VC, SR, TL, TO, TT, TV, VU, AZ, BN, BI, KH, CM, TD, KM, GQ, SZ, GA, GN, KG, LA, MO, MR, MN, NP, RW, TG, UZ, ZW, BJ, MG, MU, MZ, AO, CI, DJ, ZM, CD, CG, IQ, LY, TJ, VE, ET, XK"
39,Unstoppable,Sia,5WUlDfRSoLAfcVSX1WnrxN,"AR, AT, BE, BO, BR, BG, CA, CL, CO, CR, CY, CZ, DK, DO, DE, EC, EE, SV, FI, FR, GR, GT, HN, HK, HU, IS, IE, IT, LV, LT, LU, MY, MT, MX, NL, NI, NO, PA, PY, PE, PH, PL, PT, SG, SK, ES, SE, CH, TW, TR, UY, US, GB, AD, LI, MC, ID, JP, TH, VN, RO, IL, ZA, SA, AE, BH, QA, OM, KW, EG, MA, DZ, TN, LB, JO, PS, IN, BY, KZ, MD, UA, AL, BA, HR, ME, MK, RS, SI, KR, BD, PK, LK, GH, KE, NG, TZ, UG, AG, AM, BS, BB, BZ, BT, BW, BF, CV, CW, DM, GM, GE, GD, GW, GY, HT, JM, LS, LR, MW, MV, ML, FM, NA, NE, SM, ST, SN, SC, SL, KN, LC, VC, SR, TL, TT, AZ, BN, BI, KH, CM, TD, KM, GQ, SZ, GA, GN, KG, LA, MO, MR, MN, NP, RW, TG, UZ, ZW, BJ, MG, MU, MZ, AO, CI, DJ, ZM, CD, CG, IQ, LY, TJ, VE, ET, XK"
40,10:35,"Tiësto, Tate McRae","2o5jDhtHVPhrJdv3cEQ99Z, 45dkTj5sMRSjrmBSBeiHym","AR, AU, AT, BE, BO, BR, BG, CA, CL, CO, CR, CY, CZ, DK, DO, DE, EC, EE, SV, FI, FR, GR, GT, HN, HK, HU, IS, IE, IT, LV, LT, LU, MY, MT, MX, NL, NZ, NI, NO, PA, PY, PE, PH, PL, PT, SG, SK, ES, SE, CH, TW, TR, UY, US, GB, AD, LI, MC, ID, JP, TH, VN, RO, IL, ZA, SA, AE, BH, QA, OM, KW, EG, MA, DZ, TN, LB, JO, PS, IN, KZ, MD, UA, AL, BA, HR, ME, MK, RS, SI, KR, BD, PK, LK, GH, KE, NG, TZ, UG, AG, AM, BS, BB, BZ, BT, BW, BF, CV, CW, DM, FJ, GM, GE, GD, GW, GY, HT, JM, KI, LS, LR, MW, MV, ML, MH, FM, NA, NR, NE, PW, PG, WS, SM, ST, SN, SC, SL, SB, KN, LC, VC, SR, TL, TO, TT, TV, VU, AZ, BN, BI, KH, CM, TD, KM, GQ, SZ, GA, GN, KG, LA, MO, MR, MN, NP, RW, TG, UZ, ZW, BJ, MG, MU, MZ, AO, CI, DJ, ZM, CD, CG, IQ, LY, TJ, VE, ET, XK"
41,LA CANCIÓN,"J Balvin, Bad Bunny","1vyhD5VmyZ7KMfW5gqLgo5, 4q3ewBCX7sLwd24euuV69X","AR, AU, AT, BE, BO, BR, BG, CA, CL, CO, CR, CY, CZ, DK, DO, DE, EC, EE, SV, FI, FR, GR, GT, HN, HK, HU, IS, IE, IT, LV, LT, LU, MY, MT, MX, NL, NZ, NI, NO, PA, PY, PE, PH, PL, PT, SG, SK, ES, SE, CH, TW, TR, UY, US, GB, AD, LI, MC, ID, JP, TH, VN, RO, IL, ZA, SA, AE, BH, QA, OM, KW, EG, MA, DZ, TN, LB, JO, PS, IN, BY, KZ, MD, UA, AL, BA, HR, ME, MK, RS, SI, KR, BD, PK, LK, GH, KE, NG, TZ, UG, AG, AM, BS, BB, BZ, BT, BW, BF, CV, CW, DM, FJ, GM, GE, GD, GW, GY, HT, JM, KI, LS, LR, MW, MV, ML, MH, FM, NA, NR, NE, PW, PG, WS, SM, ST, SN, SC, SL, SB, KN, LC, VC, SR, TL, TO, TT, TV, VU, AZ, BN, BI, KH, CM, TD, KM, GQ, SZ, GA, GN, KG, LA, MO, MR, MN, NP, RW, TG, UZ, ZW, BJ, MG, MU, MZ, AO, CI, DJ, ZM, CD, CG, IQ, LY, TJ, VE, ET, XK"
42,All The Stars (with SZA),"Kendrick Lamar, SZA","2YZyLoL8N0Wb9xBt1NhZWg, 7tYKF4w9nC0nq9CsPZTHyP","AR, AU, AT, BE, BO, BR, BG, CA, CL, CO, CR, CY, CZ, DK, DO, DE, EC, EE, SV, FI, FR, GR, GT, HN, HK, HU, IS, IE, IT, LV, LT, LU, MY, MT, MX, NL, NZ, NI, NO, PA, PY, PE, PH, PL, PT, SG, SK, ES, SE, CH, TW, TR, UY, US, GB, AD, LI, MC, ID, JP, TH, VN, RO, IL, ZA, SA, AE, BH, QA, OM, KW, EG, MA, DZ, TN, LB, JO, PS, IN, KZ, MD, UA, AL, BA, HR, ME, MK, RS, SI, KR, BD, PK, LK, GH, KE, NG, TZ, UG, AG, AM, BS, BB, BZ, BT, BW, CV, CW, DM, FJ, GM, GE, GD, GW, GY, HT, JM, KI, LS, LR, MW, MV, ML, MH, FM, NA, NR, NE, PW, PG, WS, SM, ST, SN, SC, SL, SB, KN, LC, VC, SR, TL, TO, TT, TV, VU, AZ, BI, KH, CM, TD, KM, GQ, SZ, GA, GN, KG, LA, MO, MR, MN, RW, TG, ZW, BJ, MG, MU, MZ, AO, CI, DJ, ZM, CD, CG, IQ, LY, TJ, VE, ET, XK"
43,Beautiful Things,Benson Boone,22wbnEMDvgVIAGdFeek6ET,"AR, AU, AT, BE, BO, BR, BG, CA, CL, CO, CR, CY, CZ, DK, DO, DE, EC, EE, SV, FI, FR, GR, GT, HN, HK, HU, IS, IE, IT, LV, LT, LU, MY, MT, MX, NL, NZ, NI, NO, PA, PY, PE, PH, PL, PT, SG, SK, ES, SE, CH, TW, TR, UY, US, GB, AD, LI, MC, ID, JP, TH, VN, RO, IL, ZA, SA, AE, BH, QA, OM, KW, EG, MA, DZ, TN, LB, JO, PS, IN, KZ, MD, UA, AL, BA, HR, ME, MK, RS, SI, KR, BD, PK, LK, GH, KE, NG, TZ, UG, AG, AM, BS, BB, BZ, BT, BW, BF, CV, CW, DM, FJ, GM, GE, GD, GW, GY, HT, JM, KI, LS, LR, MW, MV, ML, MH, FM, NA, NR, NE, PW, PG, WS, SM, ST, SN, SC, SL, SB, KN, LC, VC, SR, TL, TO, TT, TV, VU, AZ, BN, BI, KH, CM, TD, KM, GQ, SZ, GA, GN, KG, LA, MO, MR, MN, NP, RW, TG, UZ, ZW, BJ, MG, MU, MZ, AO, CI, DJ, ZM, CD, CG, IQ, LY, TJ, VE, ET, XK"
44,By Yourself (feat. Jhené Aiko & Mustard),"Ty Dolla $ign, Jhené Aiko, Mustard","7c0XG5cIJTrrAgEC3ULPiq, 5ZS223C6JyBfXasXxrRqOk, 0YinUQ50QDB7ZxSCLyQ40k","AR, AU, AT, BE, BO, BR, BG, CA, CL, CO, CR, CY, CZ, DK, DO, DE, EC, EE, SV, FI, FR, GR, GT, HN, HK, HU, IS, IE, IT, LV, LT, LU, MY, MT, MX, NL, NZ, NI, NO, PA, PY, PE, PH, PL, PT, SG, SK, ES, SE, CH, TW, TR, UY, US, GB, AD, LI, MC, ID, JP, TH, VN, RO, IL, ZA, SA, AE, BH, QA, OM, KW, EG, MA, DZ, TN, LB, JO, PS, IN, BY, KZ, MD, UA, AL, BA, HR, ME, MK, RS, SI, KR, BD, PK, LK, GH, KE, NG, TZ, UG, AG, AM, BS, BB, BZ, BT, BW, BF, CV, CW, DM, FJ, GM, GE, GD, GW, GY, HT, JM, KI, LS, LR, MW, MV, ML, MH, FM, NA, NR, NE, PW, PG, WS, SM, ST, SN, SC, SL, SB, KN, LC, VC, SR, TL, TO, TT, TV, VU, AZ, BN, BI, KH, CM, TD, KM, GQ, SZ, GA, GN, KG, LA, MO, MR, MN, NP, RW, TG, UZ, ZW, BJ, MG, MU, MZ, AO, CI, DJ, ZM, CD, CG, IQ, LY, TJ, VE, ET, XK"
45,Don't Stop Me Now - Remastered 2011,Queen,1dfeR4HaWDbWqFHLkxsg1d,"CA, US"
46,I Wanna Be Yours,Arctic Monkeys,7Ln80lUS6He07XvHI8qqHH,"AR, AU, AT, BE, BO, BR, BG, CA, CL, CO, CR, CY, CZ, DK, DO, DE, EC, EE, SV, FI, FR, GR, GT, HN, HK, HU, IS, IE, IT, LV, LT, LU, MY, MT, MX, NL, NZ, NI, NO, PA, PY, PE, PH, PL, PT, SG, SK, ES, SE, CH, TW, TR, UY, US, GB, AD, LI, MC, ID, JP, TH, VN, RO, IL, ZA, SA, AE, BH, QA, OM, KW, EG, MA, DZ, TN, LB, JO, PS, IN, KZ, MD, UA, AL, BA, HR, ME, MK, RS, SI, KR, BD, PK, LK, GH, KE, NG, TZ, UG, AG, AM, BS, BB, BZ, BT, BW, BF, CV, CW, DM, FJ, GM, GE, GD, GW, GY, HT, JM, KI, LS, LR, MW, MV, ML, MH, FM, NA, NR, NE, PW, PG, WS, SM, ST, SN, SC, SL, SB, KN, LC, VC, SR, TL, TO, TT, TV, VU, AZ, BN, BI, KH, CM, TD, KM, GQ, SZ, GA, GN, KG, LA, MO, MR, MN, NP, RW, TG, UZ, ZW, BJ, MG, MU, MZ, AO, CI, DJ, ZM, CD, CG, IQ, LY, TJ, VE, ET, XK"
47,Solo,Future,1RyvyyTE3xzB2ZywiAwp0i,"AR, AU, AT, BE, BO, BR, BG, CA, CL, CO, CR, CY, CZ, DK, DO, DE, EC, EE, SV, FI, FR, GR, GT, HN, HK, HU, IS, IE, IT, LV, LT, LU, MY, MT, MX, NL, NZ, NI, NO, PA, PY, PE, PH, PL, PT, SG, SK, ES, SE, CH, TW, TR, UY, US, GB, AD, LI, MC, ID, JP, TH, VN, RO, IL, ZA, MA, DZ, TN, IN, BY, KZ, MD, UA, AL, BA, HR, ME, MK, RS, SI, KR, BD, PK, LK, GH, KE, NG, TZ, UG, AG, AM, BS, BB, BZ, BT, BW, BF, CV, CW, DM, FJ, GM, GE, GD, GW, GY, HT, JM, KI, LS, LR, MW, MV, ML, MH, FM, NA, NR, NE, PW, PG, WS, SM, ST, SN, SC, SL, SB, KN, LC, VC, SR, TL, TO, TT, TV, VU, AZ, BN, BI, KH, CM, TD, KM, GQ, SZ, GA, GN, KG, LA, MO, MR, MN, NP, RW, TG, UZ, ZW, BJ, MG, MU, MZ, AO, CI, DJ, ZM, CD, CG, TJ, VE, ET, XK"
48,Creepin' (with The Weeknd & 21 Savage),"Metro Boomin, The Weeknd, 21 Savage","0iEtIxbK0KxaSlF7G42ZOp, 1Xyo4u8uXC1ZmMpatF05PJ, 1URnnhqYAYcrqrcwql10ft","AR, AU, AT, BE, BO, BR, BG, CA, CL, CO, CR, CY, CZ, DK, DO, DE, EC, EE, SV, FI, FR, GR, GT, HN, HK, HU, IS, IE, IT, LV, LT, LU, MY, MT, MX, NL, NZ, NI, NO, PA, PY, PE, PH, PL, PT, SG, SK, ES, SE, CH, TW, TR, UY, US, GB, AD, LI, MC, ID, JP, TH, VN, RO, IL, ZA, SA, AE, BH, QA, OM, KW, EG, MA, DZ, TN, LB, JO, PS, IN, KZ, MD, UA, AL, BA, HR, ME, MK, RS, SI, KR, BD, PK, LK, GH, KE, NG, TZ, UG, AG, AM, BS, BB, BZ, BT, BW, BF, CV, CW, DM, FJ, GM, GE, GD, GW, GY, HT, JM, KI, LS, LR, MW, MV, ML, MH, FM, NA, NR, NE, PW, PG, WS, SM, ST, SN, SC, SL, SB, KN, LC, VC, SR, TL, TO, TT, TV, VU, AZ, BN, BI, KH, CM, TD, KM, GQ, SZ, GA, GN, KG, LA, MO, MR, MN, NP, RW, TG, UZ, ZW, BJ, MG, MU, MZ, AO, CI, DJ, ZM, CD, CG, IQ, LY, TJ, VE, ET, XK"
49,Cold Heart - PNAU Remix,"Elton John, Dua Lipa, PNAU","3PhoLpVuITZKcymswpck5b, 6M2wZ9GZgrQXHCFfjv46we, 6n28c9qs9hNGriNa72b26u","CA, US"
50,Unholy (feat. Kim Petras),"Sam Smith, Kim Petras","2wY79sveU1sp5g7SokKOiI, 3Xt3RrJMFv5SZkCfUE8C1J","AR, AU, AT, BE, BO, BR, BG, CA, CL, CO, CR, CY, CZ, DK, DO, DE, EC, EE, SV, FI, FR, GR, GT, HN, HK, HU, IS, IE, IT, LV, LT, LU, MY, MT, MX, NL, NZ, NI, NO, PA, PY, PE, PH, PL, PT, SG, SK, ES, SE, CH, TW, TR, UY, US, GB, AD, LI, MC, ID, JP, TH, VN, RO, IL, ZA, SA, AE, BH, QA, OM, KW, EG, MA, DZ, TN, LB, JO, PS, IN, KZ, MD, UA, AL, BA, HR, ME, MK, RS, SI, KR, BD, PK, LK, GH, KE, NG, TZ, UG, AG, AM, BS, BB, BZ, BT, BW, BF, CV, CW, DM, FJ, GM, GE, GD, GW, GY, HT, JM, KI, LS, LR, MW, MV, ML, MH, FM, NA, NR, NE, PW, PG, WS, SM, ST, SN, SC, SL, SB, KN, LC, VC, SR, TL, TO, TT, TV, VU, AZ, BN, BI, KH, CM, TD, KM, GQ, SZ, GA, GN, KG, LA, MO, MR, MN, NP, RW, TG, UZ, ZW, BJ, MG, MU, MZ, AO, CI, DJ, ZM, CD, CG, IQ, LY, TJ, VE, ET, XK"
51,Young Dumb & Broke,Khalid,6LuN9FCkKOj5PcnpouEgny,"AR, AU, AT, BE, BO, BR, BG, CA, CL, CO, CR, CY, CZ, DK, DO, DE, EC, EE, SV, FI, FR, GR, GT, HN, HK, HU, IS, IE, IT, LV, LT, LU, MY, MT, MX, NL, NZ, NI, NO, PA, PY, PE, PH, PL, PT, SG, SK, ES, SE, CH, TW, TR, UY, US, GB, AD, LI, MC, ID, JP, TH, VN, RO, IL, ZA, SA, AE, BH, QA, OM, KW, EG, MA, DZ, TN, LB, JO, PS, IN, BY, KZ, MD, UA, AL, BA, HR, ME, MK, RS, SI, KR, BD, PK, LK, GH, KE, NG, TZ, UG, AG, AM, BS, BB, BZ, BT, BW, BF, CV, CW, DM, FJ, GM, GE, GD, GW, GY, HT, JM, KI, LS, LR, MW, MV, ML, MH, FM, NA, NR, NE, PW, PG, WS, SM, ST, SN, SC, SL, SB, KN, LC, VC, SR, TL, TO, TT, TV, VU, AZ, BN, BI, KH, CM, TD, KM, GQ, SZ, GA, GN, KG, LA, MO, MR, MN, NP, RW, TG, UZ, ZW, BJ, MG, MU, MZ, AO, CI, DJ, ZM, CD, CG, IQ, LY, TJ, VE, ET, XK"
52,Gasolina,Daddy Yankee,4VMYDCV2IEDYJArk749S6m,"AR, AU, AT, BE, BO, BR, BG, CA, CL, CO, CR, CY, CZ, DK, DO, DE, EC, EE, SV, FI, FR, GR, GT, HN, HK, HU, IS, IE, IT, LV, LT, LU, MY, MT, MX, NL, NZ, NI, NO, PA, PY, PE, PH, PL, PT, SG, SK, ES, SE, CH, TW, TR, UY, US, GB, AD, LI, MC, ID, JP, TH, VN, RO, IL, ZA, SA, AE, BH, QA, OM, KW, EG, MA, DZ, TN, LB, JO, PS, IN, BY, KZ, MD, UA, AL, BA, HR, ME, MK, RS, SI, KR, BD, PK, LK, GH, KE, NG, TZ, UG, AG, AM, BS, BB, BZ, BT, BW, BF, CV, CW, DM, FJ, GM, GE, GD, GW, GY, HT, JM, KI, LS, LR, MW, MV, ML, MH, FM, NA, NR, NE, PW, PG, WS, SM, ST, SN, SC, SL, SB, KN, LC, VC, SR, TL, TO, TT, TV, VU, AZ, BN, BI, KH, CM, TD, KM, GQ, SZ, GA, GN, KG, LA, MO, MR, MN, NP, RW, TG, UZ, ZW, BJ, MG, MU, MZ, AO, CI, DJ, ZM, CD, CG, IQ, LY, TJ, VE, ET, XK"
53,Love On,Selena Gomez,0C8ZW7ezQVs4URX5aX7Kqx,"AR, AU, AT, BE, BO, BR, BG, CA, CL, CO, CR, CY, CZ, DK, DO, DE, EC, EE, SV, FI, FR, GR, GT, HN, HK, HU, IS, IE, IT, LV, LT, LU, MY, MT, MX, NL, NZ, NI, NO, PA, PY, PE, PH, PL, PT, SG, SK, ES, SE, CH, TW, TR, UY, US, GB, AD, LI, MC, ID, JP, TH, VN, RO, IL, ZA, SA, AE, BH, QA, OM, KW, EG, MA, DZ, TN, LB, JO, PS, IN, KZ, MD, UA, AL, BA, HR, ME, MK, RS, SI, KR, BD, PK, LK, GH, KE, NG, TZ, UG, AG, AM, BS, BB, BZ, BT, BW, BF, CV, CW, DM, FJ, GM, GE, GD, GW, GY, HT, JM, KI, LS, LR, MW, MV, ML, MH, FM, NA, NR, NE, PW, PG, WS, SM, ST, SN, SC, SL, SB, KN, LC, VC, SR, TL, TO, TT, TV, VU, AZ, BN, BI, KH, CM, TD, KM, GQ, SZ, GA, GN, KG, LA, MO, MR, MN, NP, RW, TG, UZ, ZW, BJ, MG, MU, MZ, AO, CI, DJ, ZM, CD, CG, IQ, LY, TJ, VE, ET, XK"
54,Angel Numbers / Ten Toes,Chris Brown,7bXgB6jMjp9ATFy66eO08Z,"AR, AU, AT, BE, BO, BR, BG, CA, CL, CO, CR, CY, CZ, DK, DO, DE, EC, EE, SV, FI, FR, GR, GT, HN, HK, HU, IS, IE, IT, LV, LT, LU, MY, MT, MX, NL, NZ, NI, NO, PA, PY, PE, PH, PL, PT, SG, SK, ES, SE, CH, TW, TR, UY, US, GB, AD, LI, MC, ID, JP, TH, VN, RO, IL, ZA, SA, AE, BH, QA, OM, KW, EG, MA, DZ, TN, LB, JO, PS, IN, BY, KZ, MD, UA, AL, BA, HR, ME, MK, RS, SI, KR, BD, PK, LK, GH, KE, NG, TZ, UG, AG, AM, BS, BB, BZ, BT, BW, BF, CV, CW, DM, FJ, GM, GE, GD, GW, GY, HT, JM, KI, LS, LR, MW, MV, ML, MH, FM, NA, NR, NE, PW, PG, WS, SM, ST, SN, SC, SL, SB, KN, LC, VC, SR, TL, TO, TT, TV, VU, AZ, BN, BI, KH, CM, TD, KM, GQ, SZ, GA, GN, KG, LA, MO, MR, MN, NP, RW, TG, UZ, ZW, BJ, MG, MU, MZ, AO, CI, DJ, ZM, CD, CG, IQ, LY, TJ, VE, ET, XK"
55,Lovin On Me,Jack Harlow,2LIk90788K0zvyj2JJVwkJ,"AR, AU, AT, BE, BO, BR, BG, CA, CL, CO, CR, CY, CZ, DK, DO, DE, EC, EE, SV, FI, FR, GR, GT, HN, HK, HU, IS, IE, IT, LV, LT, LU, MY, MT, MX, NL, NZ, NI, NO, PA, PY, PE, PH, PL, PT, SG, SK, ES, SE, CH, TW, TR, UY, US, GB, AD, LI, MC, ID, JP, TH, VN, RO, IL, ZA, SA, AE, BH, QA, OM, KW, EG, MA, DZ, TN, LB, JO, PS, IN, KZ, MD, UA, AL, BA, HR, ME, MK, RS, SI, KR, BD, PK, LK, GH, KE, NG, TZ, UG, AG, AM, BS, BB, BZ, BT, BW, BF, CV, CW, DM, FJ, GM, GE, GD, GW, GY, HT, JM, KI, LS, LR, MW, MV, ML, MH, FM, NA, NR, NE, PW, PG, WS, SM, ST, SN, SC, SL, SB, KN, LC, VC, SR, TL, TO, TT, TV, VU, AZ, BN, BI, KH, CM, TD, KM, GQ, SZ, GA, GN, KG, LA, MO, MR, MN, NP, RW, TG, UZ, ZW, BJ, MG, MU, MZ, AO, CI, DJ, ZM, CD, CG, IQ, LY, TJ, VE, ET, XK"
56,I Ain't Worried,OneRepublic,5Pwc4xIPtQLFEnJriah9YJ,"AR, AU, AT, BE, BO, BR, BG, CA, CL, CO, CR, CY, CZ, DK, DO, DE, EC, EE, SV, FI, FR, GR, GT, HN, HK, HU, IS, IE, IT, LV, LT, LU, MY, MT, MX, NL, NZ, NI, NO, PA, PY, PE, PH, PL, PT, SG, SK, ES, SE, CH, TW, TR, UY, US, GB, AD, LI, MC, ID, JP, TH, VN, RO, IL, ZA, SA, AE, BH, QA, OM, KW, EG, MA, DZ, TN, LB, JO, PS, IN, KZ, MD, UA, AL, BA, HR, ME, MK, RS, SI, KR, BD, PK, LK, GH, KE, NG, TZ, UG, AG, AM, BS, BB, BZ, BT, BW, BF, CV, CW, DM, FJ, GM, GE, GD, GW, GY, HT, JM, KI, LS, LR, MW, MV, ML, MH, FM, NA, NR, NE, PW, PG, WS, SM, ST, SN, SC, SL, SB, KN, LC, VC, SR, TL, TO, TT, TV, VU, AZ, BN, BI, KH, CM, TD, KM, GQ, SZ, GA, GN, KG, LA, MO, MR, MN, NP, RW, TG, UZ, ZW, BJ, MG, MU, MZ, AO, CI, DJ, ZM, CD, CG, IQ, LY, TJ, VE, ET, XK"
57,Yeah! (feat. Lil Jon & Ludacris),"USHER, Lil Jon, Ludacris","23zg3TcAtWQy7J6upgbUnj, 7sfl4Xt5KmfyDs2T3SVSMK, 3ipn9JLAPI5GUEo4y4jcoi","AR, AU, AT, BE, BO, BR, BG, CA, CL, CO, CR, CY, CZ, DK, DO, DE, EC, EE, SV, FI, FR, GR, GT, HN, HK, HU, IS, IE, IT, LV, LT, LU, MY, MT, MX, NL, NZ, NI, NO, PA, PY, PE, PH, PL, PT, SG, SK, ES, SE, CH, TW, TR, UY, US, GB, AD, LI, MC, ID, JP, TH, VN, RO, IL, ZA, SA, AE, BH, QA, OM, KW, EG, MA, DZ, TN, LB, JO, PS, IN, BY, KZ, MD, UA, AL, BA, HR, ME, MK, RS, SI, KR, BD, PK, LK, GH, KE, NG, TZ, UG, AG, AM, BS, BB, BZ, BT, BW, BF, CV, CW, DM, FJ, GM, GE, GD, GW, GY, HT, JM, KI, LS, LR, MW, MV, ML, MH, FM, NA, NR, NE, PW, PG, WS, SM, ST, SN, SC, SL, SB, KN, LC, VC, SR, TL, TO, TT, TV, VU, AZ, BN, BI, KH, CM, TD, KM, GQ, SZ, GA, GN, KG, LA, MO, MR, MN, NP, RW, TG, UZ, ZW, BJ, MG, MU, MZ, AO, CI, DJ, ZM, CD, CG, IQ, LY, TJ, VE, ET, XK"
58,Selfish,Justin Timberlake,31TPClRtHm23RisEBtV3X7,"AR, AU, AT, BE, BO, BR, BG, CA, CL, CO, CR, CY, CZ, DK, DO, DE, EC, EE, SV, FI, FR, GR, GT, HN, HK, HU, IS, IE, IT, LV, LT, LU, MY, MT, MX, NL, NZ, NI, NO, PA, PY, PE, PH, PL, PT, SG, SK, ES, CH, TW, TR, UY, US, GB, AD, LI, MC, ID, JP, TH, VN, RO, IL, ZA, SA, AE, BH, QA, OM, KW, EG, MA, DZ, TN, LB, JO, PS, IN, BY, KZ, MD, UA, AL, BA, HR, ME, MK, RS, SI, KR, BD, PK, LK, GH, KE, NG, TZ, UG, AG, AM, BS, BB, BZ, BT, BW, BF, CV, CW, DM, FJ, GM, GE, GD, GW, GY, HT, JM, KI, LS, LR, MW, MV, ML, MH, FM, NA, NR, NE, PW, PG, WS, SM, ST, SN, SC, SL, SB, KN, LC, VC, SR, TL, TO, TT, TV, VU, AZ, BN, BI, KH, CM, TD, KM, GQ, SZ, GA, GN, KG, LA, MO, MR, MN, NP, RW, TG, UZ, ZW, BJ, MG, MU, MZ, AO, CI, DJ, ZM, CD, CG, IQ, LY, TJ, VE, ET, XK"
59,Give Me Everything (feat. Nayer),"Pitbull, AFROJACK, Ne-Yo, Nayer","0TnOYISbd1XYRBk9myaseg, 4D75GcNG95ebPtNvoNVXhz, 21E3waRsmPlU7jZsS13rcj, 1ruutHJcECI7cos2n5TqpO","AR, AU, AT, BE, BO, BR, BG, CA, CL, CO, CR, CY, CZ, DK, DO, DE, EC, EE, SV, FI, FR, GR, GT, HN, HK, HU, IS, IE, IT, LV, LT, LU, MY, MT, MX, NL, NZ, NI, NO, PA, PY, PE, PH, PL, PT, SG, SK, ES, SE, CH, TW, TR, UY, US, GB, AD, LI, MC, ID, JP, TH, VN, RO, IL, ZA, SA, AE, BH, QA, OM, KW, EG, MA, DZ, TN, LB, JO, PS, IN, BY, KZ, MD, UA, AL, BA, HR, ME, MK, RS, SI, KR, BD, PK, LK, GH, KE, NG, TZ, UG, AG, AM, BS, BB, BZ, BT, BW, BF, CV, CW, DM, FJ, GM, GE, GD, GW, GY, HT, JM, KI, LS, LR, MW, MV, ML, MH, FM, NA, NR, NE, PW, PG, WS, SM, ST, SN, SC, SL, SB, KN, LC, VC, SR, TL, TO, TT, TV, VU, AZ, BN, BI, KH, CM, TD, KM, GQ, SZ, GA, GN, KG, LA, MO, MR, MN, NP, RW, TG, UZ, ZW, BJ, MG, MU, MZ, AO, CI, DJ, ZM, CD, CG, IQ, LY, TJ, VE, ET, XK"
60,LUNA,"Feid, ATL Jacob","2LRoIwlKmHjgvigdNGBHNo, 7jAs1uPnpfNmT6e5qtEPxq","AR, AU, AT, BE, BO, BR, BG, CA, CL, CO, CR, CY, CZ, DK, DO, DE, EC, EE, SV, FI, FR, GR, GT, HN, HK, HU, IS, IE, IT, LV, LT, LU, MY, MT, MX, NL, NZ, NI, NO, PA, PY, PE, PH, PL, PT, SG, SK, ES, SE, CH, TW, TR, UY, US, GB, AD, LI, MC, ID, JP, TH, VN, RO, IL, ZA, SA, AE, BH, QA, OM, KW, EG, MA, DZ, TN, LB, JO, PS, IN, KZ, MD, UA, AL, BA, HR, ME, MK, RS, SI, KR, BD, PK, LK, GH, KE, NG, TZ, UG, AG, AM, BS, BB, BZ, BT, BW, BF, CV, CW, DM, FJ, GM, GE, GD, GW, GY, HT, JM, KI, LS, LR, MW, MV, ML, MH, FM, NA, NR, NE, PW, PG, WS, SM, ST, SN, SC, SL, SB, KN, LC, VC, SR, TL, TO, TT, TV, VU, AZ, BN, BI, KH, CM, TD, KM, GQ, SZ, GA, GN, KG, LA, MO, MR, MN, NP, RW, TG, UZ, ZW, BJ, MG, MU, MZ, AO, CI, DJ, ZM, CD, CG, IQ, LY, TJ, VE, ET, XK"
61,There's Nothing Holdin' Me Back,Shawn Mendes,7n2wHs1TKAczGzO7Dd2rGr,"AR, AU, AT, BE, BO, BR, BG, CA, CL, CO, CR, CY, CZ, DK, DO, DE, EC, EE, SV, FI, FR, GR, GT, HN, HK, HU, IS, IE, IT, LV, LT, LU, MY, MT, MX, NL, NZ, NI, NO, PA, PY, PE, PH, PL, PT, SG, SK, ES, SE, CH, TW, TR, UY, US, GB, AD, LI, MC, ID, JP, TH, VN, RO, IL, ZA, SA, AE, BH, QA, OM, KW, EG, MA, DZ, TN, LB, JO, PS, IN, BY, KZ, MD, UA, AL, BA, HR, ME, MK, RS, SI, KR, BD, PK, LK, GH, KE, NG, TZ, UG, AG, AM, BS, BB, BZ, BT, BW, BF, CV, CW, DM, FJ, GM, GE, GD, GW, GY, HT, JM, KI, LS, LR, MW, MV, ML, MH, FM, NA, NR, NE, PW, PG, WS, SM, ST, SN, SC, SL, SB, KN, LC, VC, SR, TL, TO, TT, TV, VU, AZ, BN, BI, KH, CM, TD, KM, GQ, SZ, GA, GN, KG, LA, MO, MR, MN, NP, RW, TG, UZ, ZW, BJ, MG, MU, MZ, AO, CI, DJ, ZM, CD, CG, IQ, LY, TJ, VE, ET, XK"
62,Hung Up,Madonna,6tbjWDEIzxoDsBA1FuhfPW,"AR, AU, AT, BE, BO, BR, BG, CA, CL, CO, CR, CY, CZ, DK, DO, DE, EC, EE, SV, FI, FR, GR, GT, HN, HK, HU, IS, IE, IT, LV, LT, LU, MY, MT, MX, NL, NZ, NI, NO, PA, PY, PE, PH, PL, PT, SG, SK, ES, SE, CH, TW, TR, UY, US, GB, AD, LI, MC, ID, JP, TH, VN, RO, IL, ZA, SA, AE, BH, QA, OM, KW, EG, MA, DZ, TN, LB, JO, PS, IN, BY, KZ, MD, UA, AL, BA, HR, ME, MK, RS, SI, KR, BD, PK, LK, GH, KE, NG, TZ, UG, AG, AM, BS, BB, BZ, BT, BW, BF, CV, CW, DM, FJ, GM, GE, GD, GW, GY, HT, JM, KI, LS, LR, MW, MV, ML, MH, FM, NA, NR, NE, PW, PG, WS, SM, ST, SN, SC, SL, SB, KN, LC, VC, SR, TL, TO, TT, TV, VU, AZ, BN, BI, KH, CM, TD, KM, GQ, SZ, GA, GN, KG, LA, MO, MR, MN, NP, RW, TG, UZ, ZW, BJ, MG, MU, MZ, AO, CI, DJ, ZM, CD, CG, IQ, LY, TJ, VE, ET, XK"
63,LA FALDA,Myke Towers,7iK8PXO48WeuP03g8YR51W,"AR, AU, AT, BE, BO, BR, BG, CA, CL, CO, CR, CY, CZ, DK, DO, DE, EC, EE, SV, FI, FR, GR, GT, HN, HK, HU, IS, IE, IT, LV, LT, LU, MY, MT, MX, NL, NZ, NI, NO, PA, PY, PE, PH, PL, PT, SG, SK, ES, SE, CH, TW, TR, UY, US, GB, AD, LI, MC, ID, JP, TH, VN, RO, IL, ZA, SA, AE, BH, QA, OM, KW, EG, MA, DZ, TN, LB, JO, PS, IN, KZ, MD, UA, AL, BA, HR, ME, MK, RS, SI, KR, BD, PK, LK, GH, KE, NG, TZ, UG, AG, AM, BS, BB, BZ, BT, BW, BF, CV, CW, DM, FJ, GM, GE, GD, GW, GY, HT, JM, KI, LS, LR, MW, MV, ML, MH, FM, NA, NR, NE, PW, PG, WS, SM, ST, SN, SC, SL, SB, KN, LC, VC, SR, TL, TO, TT, TV, VU, AZ, BN, BI, KH, CM, TD, KM, GQ, SZ, GA, GN, KG, LA, MO, MR, MN, NP, RW, TG, UZ, ZW, BJ, MG, MU, MZ, AO, CI, DJ, ZM, CD, CG, IQ, LY, TJ, VE, ET, XK"
64,Without Me,Halsey,26VFTg2z8YR0cCuwLzESi2,"AR, AU, AT, BE, BO, BR, BG, CA, CL, CO, CR, CY, CZ, DK, DO, DE, EC, EE, SV, FI, FR, GR, GT, HN, HK, HU, IS, IE, IT, LV, LT, LU, MY, MT, MX, NL, NZ, NI, NO, PA, PY, PE, PH, PL, PT, SG, SK, ES, SE, CH, TW, TR, UY, US, GB, AD, LI, MC, ID, JP, TH, VN, RO, IL, ZA, SA, AE, BH, QA, OM, KW, EG, MA, DZ, TN, LB, JO, PS, IN, BY, KZ, MD, UA, AL, BA, HR, ME, MK, RS, SI, KR, BD, PK, LK, GH, KE, NG, TZ, UG, AG, AM, BS, BB, BZ, BT, BW, CV, CW, DM, FJ, GM, GE, GD, GW, GY, HT, JM, KI, LS, LR, MW, MV, ML, MH, FM, NA, NR, NE, PW, PG, WS, SM, ST, SN, SC, SL, SB, KN, LC, VC, SR, TL, TO, TT, TV, VU, AZ, BI, KH, CM, TD, KM, GQ, SZ, GA, GN, KG, LA, MO, MR, MN, NP, RW, TG, UZ, ZW, BJ, MG, MU, MZ, AO, CI, DJ, ZM, CD, CG, IQ, LY, TJ, VE, ET, XK"
65,Igual Que Un Ángel (with Peso Pluma),"Kali Uchis, Peso Pluma","1U1el3k54VvEUzo3ybLPlM, 12GqGscKJx3aE4t07u7eVZ","AR, AU, AT, BE, BO, BR, BG, CA, CL, CO, CR, CY, CZ, DK, DO, DE, EC, EE, SV, FI, FR, GR, GT, HN, HK, HU, IS, IE, IT, LV, LT, LU, MY, MT, MX, NL, NZ, NI, NO, PA, PY, PE, PH, PL, PT, SG, SK, ES, SE, CH, TW, TR, UY, US, GB, AD, LI, MC, ID, JP, TH, VN, RO, IL, ZA, SA, AE, BH, QA, OM, KW, EG, MA, DZ, TN, LB, JO, PS, IN, KZ, MD, UA, AL, BA, HR, ME, MK, RS, SI, KR, BD, PK, LK, GH, KE, NG, TZ, UG, AG, AM, BS, BB, BZ, BT, BW, BF, CV, CW, DM, FJ, GM, GE, GD, GW, GY, HT, JM, KI, LS, LR, MW, MV, ML, MH, FM, NA, NR, NE, PW, PG, WS, SM, ST, SN, SC, SL, SB, KN, LC, VC, SR, TL, TO, TT, TV, VU, AZ, BN, BI, KH, CM, TD, KM, GQ, SZ, GA, GN, KG, LA, MO, MR, MN, NP, RW, TG, UZ, ZW, BJ, MG, MU, MZ, AO, CI, DJ, ZM, CD, CG, IQ, LY, TJ, VE, ET, XK"
66,Night Changes,One Direction,4AK6F7OLvEQ5QYCBNiQWHq,"AR, AU, AT, BE, BO, BR, BG, CA, CL, CO, CR, CY, CZ, DK, DO, DE, EC, EE, SV, FI, FR, GR, GT, HN, HK, HU, IS, IE, IT, LV, LT, LU, MY, MT, MX, NL, NZ, NI, NO, PA, PY, PE, PH, PL, PT, SG, SK, ES, SE, CH, TW, TR, UY, US, GB, AD, LI, MC, ID, JP, TH, VN, RO, IL, ZA, SA, AE, BH, QA, OM, KW, EG, MA, DZ, TN, LB, JO, PS, IN, BY, KZ, MD, UA, AL, BA, HR, ME, MK, RS, SI, KR, BD, PK, LK, GH, KE, NG, TZ, UG, AG, AM, BS, BB, BZ, BT, BW, BF, CV, CW, DM, FJ, GM, GE, GD, GW, GY, HT, JM, KI, LS, LR, MW, MV, ML, MH, FM, NA, NR, NE, PW, PG, WS, SM, ST, SN, SC, SL, SB, KN, LC, VC, SR, TL, TO, TT, TV, VU, AZ, BN, BI, KH, CM, TD, KM, GQ, SZ, GA, GN, KG, LA, MO, MR, MN, NP, RW, TG, UZ, ZW, BJ, MG, MU, MZ, AO, CI, DJ, ZM, CD, CG, IQ, LY, TJ, VE, ET, XK"
67,No Role Modelz,J. Cole,6l3HvQ5sa6mXTsMTB19rO5,"AR, AU, AT, BE, BO, BR, BG, CA, CL, CO, CR, CY, CZ, DK, DO, DE, EC, EE, SV, FI, FR, GR, GT, HN, HK, HU, IS, IE, IT, LV, LT, LU, MY, MT, MX, NL, NZ, NI, NO, PA, PY, PE, PH, PL, PT, SG, SK, ES, SE, CH, TW, TR, UY, US, GB, AD, LI, MC, ID, JP, TH, VN, RO, IL, ZA, SA, AE, BH, QA, OM, KW, EG, MA, DZ, TN, LB, JO, PS, IN, BY, KZ, MD, UA, AL, BA, HR, ME, MK, RS, SI, KR, BD, PK, LK, GH, KE, NG, TZ, UG, AG, AM, BS, BB, BZ, BT, BW, BF, CV, CW, DM, FJ, GM, GE, GD, GW, GY, HT, JM, KI, LS, LR, MW, MV, ML, MH, FM, NA, NR, NE, PW, PG, WS, SM, ST, SN, SC, SL, SB, KN, LC, VC, SR, TL, TO, TT, TV, VU, AZ, BN, BI, KH, CM, TD, KM, GQ, SZ, GA, GN, KG, LA, MO, MR, MN, NP, RW, TG, UZ, ZW, BJ, MG, MU, MZ, AO, CI, DJ, ZM, CD, CG, IQ, LY, TJ, VE, ET, XK"
68,Según Quién,"Maluma, Carin Leon","1r4hJ1h58CWwUQe3MxPuau, 66ihevNkSYNzRAl44dx6jJ","AR, AU, AT, BE, BO, BR, BG, CA, CL, CO, CR, CY, CZ, DK, DO, DE, EC, EE, SV, FI, FR, GR, GT, HN, HK, HU, IS, IE, IT, LV, LT, LU, MY, MT, MX, NL, NZ, NI, NO, PA, PY, PE, PH, PL, PT, SG, SK, ES, SE, CH, TW, TR, UY, US, GB, AD, LI, MC, ID, JP, TH, VN, RO, IL, ZA, SA, AE, BH, QA, OM, KW, EG, MA, DZ, TN, LB, JO, PS, IN, BY, KZ, MD, UA, AL, BA, HR, ME, MK, RS, SI, KR, BD, PK, LK, GH, KE, NG, TZ, UG, AG, AM, BS, BB, BZ, BT, BW, BF, CV, CW, DM, FJ, GM, GE, GD, GW, GY, HT, JM, KI, LS, LR, MW, MV, ML, MH, FM, NA, NR, NE, PW, PG, WS, SM, ST, SN, SC, SL, SB, KN, LC, VC, SR, TL, TO, TT, TV, VU, AZ, BN, BI, KH, CM, TD, KM, GQ, SZ, GA, GN, KG, LA, MO, MR, MN, NP, RW, TG, UZ, ZW, BJ, MG, MU, MZ, AO, CI, DJ, ZM, CD, CG, IQ, LY, TJ, VE, ET, XK"
69,In the End,Linkin Park,6XyY86QOPPrYVGvF9ch6wz,"AR, AU, AT, BE, BO, BR, BG, CL, CO, CR, CY, CZ, DK, DO, DE, EC, EE, SV, FI, FR, GR, GT, HN, HK, HU, IS, IE, IT, LV, LT, LU, MY, MT, MX, NL, NZ, NI, NO, PA, PY, PE, PH, PL, PT, SG, SK, ES, SE, CH, TW, TR, UY, US, GB, AD, LI, MC, ID, JP, TH, VN, RO, IL, ZA, SA, AE, BH, QA, OM, KW, EG, MA, DZ, TN, LB, JO, PS, IN, BY, KZ, MD, UA, AL, BA, HR, ME, MK, RS, SI, KR, BD, PK, LK, GH, KE, NG, TZ, UG, AG, AM, BS, BB, BZ, BT, BW, BF, CV, CW, DM, FJ, GM, GE, GD, GW, GY, HT, JM, KI, LS, LR, MW, MV, ML, MH, FM, NA, NR, NE, PW, PG, WS, SM, ST, SN, SC, SL, SB, KN, LC, VC, SR, TL, TO, TT, TV, VU, AZ, BN, BI, KH, CM, TD, KM, GQ, SZ, GA, GN, KG, LA, MO, MR, MN, NP, RW, TG, UZ, ZW, BJ, MG, MU, MZ, AO, CI, DJ, ZM, CD, CG, IQ, LY, TJ, VE, ET, XK"
70,DILUVIO,Rauw Alejandro,1mcTU81TzQhprhouKaTkpq,"AR, AU, AT, BE, BO, BR, BG, CA, CL, CO, CR, CY, CZ, DK, DO, DE, EC, EE, SV, FI, FR, GR, GT, HN, HK, HU, IS, IE, IT, LV, LT, LU, MY, MT, MX, NL, NZ, NI, NO, PA, PY, PE, PH, PL, PT, SG, SK, ES, SE, CH, TW, TR, UY, US, GB, AD, LI, MC, ID, JP, TH, VN, RO, IL, ZA, SA, AE, BH, QA, OM, KW, EG, MA, DZ, TN, LB, JO, PS, IN, BY, KZ, MD, UA, AL, BA, HR, ME, MK, RS, SI, KR, BD, PK, LK, GH, KE, NG, TZ, UG, AG, AM, BS, BB, BZ, BT, BW, BF, CV, CW, DM, FJ, GM, GE, GD, GW, GY, HT, JM, KI, LS, LR, MW, MV, ML, MH, FM, NA, NR, NE, PW, PG, WS, SM, ST, SN, SC, SL, SB, KN, LC, VC, SR, TL, TO, TT, TV, VU, AZ, BN, BI, KH, CM, TD, KM, GQ, SZ, GA, GN, KG, LA, MO, MR, MN, NP, RW, TG, UZ, ZW, BJ, MG, MU, MZ, AO, CI, DJ, ZM, CD, CG, IQ, LY, TJ, VE, ET, XK"
71,I Gotta Feeling,Black Eyed Peas,1yxSLGMDHlW21z4YXirZDS,"AR, AU, AT, BE, BO, BR, BG, CA, CL, CO, CR, CY, CZ, DK, DO, DE, EC, EE, SV, FI, FR, GR, GT, HN, HK, HU, IS, IE, IT, LV, LT, LU, MY, MT, MX, NL, NZ, NI, NO, PA, PY, PE, PH, PL, PT, SG, SK, ES, SE, CH, TW, TR, UY, US, GB, AD, LI, MC, ID, JP, TH, VN, RO, IL, ZA, SA, AE, BH, QA, OM, KW, EG, MA, DZ, TN, LB, JO, PS, IN, BY, KZ, MD, UA, AL, BA, HR, ME, MK, RS, SI, KR, BD, PK, LK, GH, KE, NG, TZ, UG, AG, AM, BS, BB, BZ, BT, BW, BF, CV, CW, DM, FJ, GM, GE, GD, GW, GY, HT, JM, KI, LS, LR, MW, MV, ML, MH, FM, NA, NR, NE, PW, PG, WS, SM, ST, SN, SC, SL, SB, KN, LC, VC, SR, TL, TO, TT, TV, VU, AZ, BN, BI, KH, CM, TD, KM, GQ, SZ, GA, GN, KG, LA, MO, MR, MN, NP, RW, TG, UZ, ZW, BJ, MG, MU, MZ, AO, CI, DJ, ZM, CD, CG, IQ, LY, TJ, VE, ET, XK"
72,Hey Mor,"Ozuna, Feid","1i8SpTcr7yvPOmcqrbnVXY, 2LRoIwlKmHjgvigdNGBHNo","AR, AU, AT, BE, BO, BR, BG, CA, CL, CO, CR, CY, CZ, DK, DO, DE, EC, EE, SV, FI, FR, GR, GT, HN, HK, HU, IS, IE, IT, LV, LT, LU, MY, MT, MX, NL, NZ, NI, NO, PA, PY, PE, PH, PL, PT, SG, SK, ES, SE, CH, TW, TR, UY, US, GB, AD, LI, MC, ID, JP, TH, VN, RO, IL, ZA, SA, AE, BH, QA, OM, KW, EG, MA, DZ, TN, LB, JO, PS, IN, BY, KZ, MD, UA, AL, BA, HR, ME, MK, RS, SI, KR, BD, PK, LK, GH, KE, NG, TZ, UG, AG, AM, BS, BB, BZ, BT, BW, BF, CV, CW, DM, FJ, GM, GE, GD, GW, GY, HT, JM, KI, LS, LR, MW, MV, ML, MH, FM, NA, NR, NE, PW, PG, WS, SM, ST, SN, SC, SL, SB, KN, LC, VC, SR, TL, TO, TT, TV, VU, AZ, BN, BI, KH, CM, TD, KM, GQ, SZ, GA, GN, KG, LA, MO, MR, MN, NP, RW, TG, UZ, ZW, BJ, MG, MU, MZ, AO, CI, DJ, ZM, CD, CG, IQ, LY, TJ, VE, ET, XK"
73,Something Just Like This,"The Chainsmokers, Coldplay","69GGBxA162lTqCwzJG5jLp, 4gzpq5DPGxSnKTe4SA8HAU","AR, AU, AT, BE, BO, BR, BG, CA, CL, CO, CR, CY, CZ, DK, DO, DE, EC, EE, SV, FI, FR, GR, GT, HN, HK, HU, IS, IE, IT, LV, LT, LU, MY, MT, MX, NL, NZ, NI, NO, PA, PY, PE, PH, PL, PT, SG, SK, ES, SE, CH, TW, TR, UY, US, GB, AD, LI, MC, ID, JP, TH, VN, RO, IL, ZA, SA, AE, BH, QA, OM, KW, EG, MA, DZ, TN, LB, JO, PS, IN, BY, KZ, MD, UA, AL, BA, HR, ME, MK, RS, SI, KR, BD, PK, LK, GH, KE, NG, TZ, UG, AG, AM, BS, BB, BZ, BT, BW, BF, CV, CW, DM, FJ, GM, GE, GD, GW, GY, HT, JM, KI, LS, LR, MW, MV, ML, MH, FM, NA, NR, NE, PW, PG, WS, SM, ST, SN, SC, SL, SB, KN, LC, VC, SR, TL, TO, TT, TV, VU, AZ, BN, BI, KH, CM, TD, KM, GQ, SZ, GA, GN, KG, LA, MO, MR, MN, NP, RW, TG, UZ, ZW, BJ, MG, MU, MZ, AO, CI, DJ, ZM, CD, CG, IQ, LY, TJ, VE, ET, XK"
74,Meant to Be (feat. Florida Georgia Line),"Bebe Rexha, Florida Georgia Line","64M6ah0SkkRsnPGtGiRAbb, 3b8QkneNDz4JHKKKlLgYZg","AR, AU, AT, BE, BO, BR, BG, CA, CL, CO, CR, CY, CZ, DK, DO, DE, EC, EE, SV, FI, FR, GR, GT, HN, HK, HU, IS, IE, IT, LV, LT, LU, MY, MT, MX, NL, NZ, NI, NO, PA, PY, PE, PH, PL, PT, SG, SK, ES, SE, CH, TW, TR, UY, US, GB, AD, LI, MC, ID, JP, TH, VN, RO, IL, ZA, SA, AE, BH, QA, OM, KW, EG, MA, DZ, TN, LB, JO, PS, IN, BY, KZ, MD, UA, AL, BA, HR, ME, MK, RS, SI, KR, BD, PK, LK, GH, KE, NG, TZ, UG, AG, AM, BS, BB, BZ, BT, BW, BF, CV, CW, DM, FJ, GM, GE, GD, GW, GY, HT, JM, KI, LS, LR, MW, MV, ML, MH, FM, NA, NR, NE, PW, PG, WS, SM, ST, SN, SC, SL, SB, KN, LC, VC, SR, TL, TO, TT, TV, VU, AZ, BN, BI, KH, CM, TD, KM, GQ, SZ, GA, GN, KG, LA, MO, MR, MN, NP, RW, TG, UZ, ZW, BJ, MG, MU, MZ, AO, CI, DJ, ZM, CD, CG, IQ, LY, TJ, VE, ET, XK"
75,Billie Jean,Michael Jackson,3fMbdgg4jU18AjLCKBhRSm,"AR, AU, AT, BE, BO, BR, BG, CA, CL, CO, CR, CY, CZ, DK, DO, DE, EC, EE, SV, FI, FR, GR, GT, HN, HK, HU, IS, IE, IT, LV, LT, LU, MY, MT, MX, NL, NZ, NI, NO, PA, PY, PE, PH, PL, PT, SG, SK, ES, SE, CH, TW, TR, UY, US, GB, AD, LI, MC, ID, JP, TH, VN, RO, IL, ZA, SA, AE, BH, QA, OM, KW, EG, MA, DZ, TN, LB, JO, PS, IN, BY, KZ, MD, UA, AL, BA, HR, ME, MK, RS, SI, KR, BD, PK, LK, GH, KE, NG, TZ, UG, AG, AM, BS, BB, BZ, BT, BW, BF, CV, CW, DM, FJ, GM, GE, GD, GW, GY, HT, JM, KI, LS, LR, MW, MV, ML, MH, FM, NA, NR, NE, PW, PG, WS, SM, ST, SN, SC, SL, SB, KN, LC, VC, SR, TL, TO, TT, TV, VU, AZ, BN, BI, KH, CM, TD, KM, GQ, SZ, GA, GN, KG, LA, MO, MR, MN, NP, RW, TG, UZ, ZW, BJ, MG, MU, MZ, AO, CI, DJ, ZM, CD, CG, IQ, LY, TJ, VE, ET, XK"
76,Shameless,Camila Cabello,4nDoRrQiYLoBzwC5BhVJzF,"AR, AU, AT, BE, BO, BR, BG, CA, CL, CO, CR, CY, CZ, DK, DO, DE, EC, EE, SV, FI, FR, GR, GT, HN, HK, HU, IS, IE, IT, LV, LT, LU, MY, MT, MX, NL, NZ, NI, NO, PA, PY, PE, PH, PL, PT, SG, SK, ES, SE, CH, TW, TR, UY, US, GB, AD, LI, MC, ID, JP, TH, VN, RO, IL, ZA, SA, AE, BH, QA, OM, KW, EG, MA, DZ, TN, LB, JO, PS, IN, BY, KZ, MD, UA, AL, BA, HR, ME, MK, RS, SI, KR, BD, PK, LK, GH, KE, NG, TZ, UG, AG, AM, BS, BB, BZ, BT, BW, BF, CV, CW, DM, FJ, GM, GE, GD, GW, GY, HT, JM, KI, LS, LR, MW, MV, ML, MH, FM, NA, NR, NE, PW, PG, WS, SM, ST, SN, SC, SL, SB, KN, LC, VC, SR, TL, TO, TT, TV, VU, AZ, BN, BI, KH, CM, TD, KM, GQ, SZ, GA, GN, KG, LA, MO, MR, MN, NP, RW, TG, UZ, ZW, BJ, MG, MU, MZ, AO, CI, DJ, ZM, CD, CG, IQ, LY, TJ, VE, ET, XK"
77,"Young Miko: Bzrp Music Sessions, Vol. 58","Bizarrap, Young Miko","716NhGYqD1jl2wI1Qkgq36, 3qsKSpcV3ncke3hw52JSMB","AR, AU, AT, BE, BO, BR, BG, CA, CL, CO, CR, CY, CZ, DK, DO, DE, EC, EE, SV, FI, FR, GR, GT, HN, HK, HU, IS, IE, IT, LV, LT, LU, MY, MT, MX, NL, NZ, NI, NO, PA, PY, PE, PH, PL, PT, SG, SK, ES, SE, CH, TW, TR, UY, US, GB, AD, LI, MC, ID, JP, TH, VN, RO, IL, ZA, SA, AE, BH, QA, OM, KW, EG, MA, DZ, TN, LB, JO, PS, IN, BY, KZ, MD, UA, AL, BA, HR, ME, MK, RS, SI, KR, BD, PK, LK, GH, KE, NG, TZ, UG, AG, AM, BS, BB, BZ, BT, BW, BF, CV, CW, DM, FJ, GM, GE, GD, GW, GY, HT, JM, KI, LS, LR, MW, MV, ML, MH, FM, NA, NR, NE, PW, PG, WS, SM, ST, SN, SC, SL, SB, KN, LC, VC, SR, TL, TO, TT, TV, VU, AZ, BN, BI, KH, CM, TD, KM, GQ, SZ, GA, GN, KG, LA, MO, MR, MN, NP, RW, TG, UZ, ZW, BJ, MG, MU, MZ, AO, CI, DJ, ZM, CD, CG, IQ, LY, TJ, VE, ET, XK"
78,Say You Won't Let Go,James Arthur,4IWBUUAFIplrNtaOHcJPRM,"AR, AU, AT, BE, BO, BR, CA, CL, CO, CR, CY, CZ, DK, DO, DE, EC, EE, SV, FI, FR, GR, GT, HN, HK, HU, IS, IE, IT, LV, LT, LU, MY, MT, MX, NL, NZ, NI, NO, PA, PY, PE, PH, PT, SG, SK, ES, SE, CH, TW, TR, UY, US, GB, AD, LI, MC, ID, JP, TH, VN, ZA, SA, AE, BH, QA, OM, KW, EG, MA, DZ, TN, LB, JO, PS, IN, BY, KZ, MD, UA, KR, BD, PK, LK, GH, KE, NG, TZ, UG, AG, AM, BS, BB, BZ, BT, BW, BF, CV, CW, DM, FJ, GM, GE, GD, GW, GY, HT, JM, KI, LS, LR, MW, MV, ML, MH, FM, NA, NR, NE, PW, PG, WS, SM, ST, SN, SC, SL, SB, KN, LC, VC, SR, TL, TO, TT, TV, VU, AZ, BN, BI, KH, CM, TD, KM, GQ, SZ, GA, GN, KG, LA, MO, MR, MN, NP, RW, TG, UZ, ZW, BJ, MG, MU, MZ, AO, CI, DJ, ZM, CD, CG, IQ, LY, TJ, VE, ET"
79,Love Me,"Lil Wayne, Drake, Future","55Aa2cqylxrFIXC767Z865, 3TVXtAsR1Inumwj472S9r4, 1RyvyyTE3xzB2ZywiAwp0i","AR, AU, AT, BE, BO, BR, BG, CA, CL, CO, CR, CY, CZ, DK, DO, DE, EC, EE, SV, FI, FR, GR, GT, HN, HK, HU, IS, IE, IT, LV, LT, LU, MY, MT, MX, NL, NZ, NI, NO, PA, PY, PE, PH, PL, PT, SG, SK, ES, SE, CH, TW, TR, UY, US, GB, AD, LI, MC, ID, TH, VN, RO, IL, ZA, SA, AE, BH, QA, OM, KW, EG, MA, DZ, TN, LB, JO, PS, IN, BY, KZ, MD, UA, AL, BA, HR, ME, MK, RS, SI, KR, BD, PK, LK, GH, KE, NG, TZ, UG, AG, AM, BS, BB, BZ, BT, BW, BF, CV, CW, DM, FJ, GM, GE, GD, GW, GY, HT, JM, KI, LS, LR, MW, MV, ML, MH, FM, NA, NR, NE, PW, PG, WS, SM, ST, SN, SC, SL, SB, KN, LC, VC, SR, TL, TO, TT, TV, VU, AZ, BN, BI, KH, CM, TD, KM, GQ, SZ, GA, GN, KG, LA, MO, MR, MN, NP, RW, TG, UZ, ZW, BJ, MG, MU, MZ, AO, CI, DJ, ZM, CD, CG, IQ, LY, TJ, VE, ET, XK"
80,Spicy Margarita,"Jason Derulo, Michael Bublé","07YZf4WDAMNwqr4jfgOZ8y, 1GxkXlMwML1oSg5eLPiAz3","AR, AU, AT, BE, BO, BR, BG, CA, CL, CO, CR, CY, CZ, DK, DO, DE, EC, EE, SV, FI, FR, GR, GT, HN, HK, HU, IS, IE, IT, LV, LT, LU, MY, MT, MX, NL, NZ, NI, NO, PA, PY, PE, PH, PL, PT, SG, SK, ES, SE, CH, TW, TR, UY, US, GB, AD, LI, MC, ID, JP, TH, VN, RO, IL, ZA, SA, AE, BH, QA, OM, KW, EG, MA, DZ, TN, LB, JO, PS, IN, KZ, MD, UA, AL, BA, HR, ME, MK, RS, SI, KR, BD, PK, LK, GH, KE, NG, TZ, UG, AG, AM, BS, BB, BZ, BT, BW, BF, CV, CW, DM, FJ, GM, GE, GD, GW, GY, HT, JM, KI, LS, LR, MW, MV, ML, MH, FM, NA, NR, NE, PW, PG, WS, SM, ST, SN, SC, SL, SB, KN, LC, VC, SR, TL, TO, TT, TV, VU, AZ, BN, BI, KH, CM, TD, KM, GQ, SZ, GA, GN, KG, LA, MO, MR, MN, NP, RW, TG, UZ, ZW, BJ, MG, MU, MZ, AO, CI, DJ, ZM, CD, CG, IQ, LY, TJ, VE, ET, XK"
81,Lose Control,Teddy Swims,33qOK5uJ8AR2xuQQAhHump,"AR, AU, AT, BE, BO, BR, BG, CA, CL, CO, CR, CY, CZ, DK, DO, DE, EC, EE, SV, FI, FR, GR, GT, HN, HK, HU, IS, IE, IT, LV, LT, LU, MY, MT, MX, NL, NZ, NI, NO, PA, PY, PE, PH, PL, PT, SG, SK, ES, SE, CH, TW, TR, UY, US, GB, AD, LI, MC, ID, JP, TH, VN, RO, IL, ZA, SA, AE, BH, QA, OM, KW, EG, MA, DZ, TN, LB, JO, PS, IN, KZ, MD, UA, AL, BA, HR, ME, MK, RS, SI, KR, BD, PK, LK, GH, KE, NG, TZ, UG, AG, AM, BS, BB, BZ, BT, BW, BF, CV, CW, DM, FJ, GM, GE, GD, GW, GY, HT, JM, KI, LS, LR, MW, MV, ML, MH, FM, NA, NR, NE, PW, PG, WS, SM, ST, SN, SC, SL, SB, KN, LC, VC, SR, TL, TO, TT, TV, VU, AZ, BN, BI, KH, CM, TD, KM, GQ, SZ, GA, GN, KG, LA, MO, MR, MN, NP, RW, TG, UZ, ZW, BJ, MG, MU, MZ, AO, CI, DJ, ZM, CD, CG, IQ, LY, TJ, VE, ET, XK"
82,Wake Me Up,Avicii,1vCWHaC5f2uS3yhpwWbIA6,"AR, AU, AT, BE, BO, BR, BG, CA, CL, CO, CR, CY, CZ, DK, DO, DE, EC, EE, SV, FI, FR, GR, GT, HN, HK, HU, IS, IE, IT, LV, LT, LU, MY, MT, NL, NZ, NI, NO, PA, PY, PE, PH, PL, PT, SG, SK, ES, SE, CH, TW, TR, UY, US, GB, AD, LI, MC, ID, JP, TH, VN, RO, IL, ZA, SA, AE, BH, QA, OM, KW, EG, MA, DZ, TN, LB, JO, PS, IN, BY, KZ, MD, UA, AL, BA, HR, ME, MK, RS, SI, KR, BD, PK, LK, GH, KE, NG, TZ, UG, AG, AM, BS, BB, BZ, BT, BW, BF, CV, CW, DM, FJ, GM, GE, GD, GW, GY, HT, JM, KI, LS, LR, MW, MV, ML, MH, FM, NA, NR, NE, PW, PG, WS, SM, ST, SN, SC, SL, SB, KN, LC, VC, SR, TL, TO, TT, TV, VU, AZ, BN, BI, KH, CM, TD, KM, GQ, SZ, GA, GN, KG, LA, MO, MR, MN, NP, RW, TG, UZ, ZW, BJ, MG, MU, MZ, AO, CI, DJ, ZM, CD, CG, IQ, LY, TJ, VE, ET, XK"
83,In The Dark (with Jhené Aiko),"Swae Lee, Jhené Aiko","1zNqQNIdeOUZHb8zbZRFMX, 5ZS223C6JyBfXasXxrRqOk","AR, AU, AT, BE, BO, BR, BG, CA, CL, CO, CR, CY, CZ, DK, DO, DE, EC, EE, SV, FI, FR, GR, GT, HN, HK, HU, IS, IE, IT, LV, LT, LU, MY, MT, MX, NL, NZ, NI, NO, PA, PY, PE, PH, PL, PT, SG, SK, ES, SE, CH, TW, TR, UY, US, GB, AD, LI, MC, ID, JP, TH, VN, RO, IL, ZA, SA, AE, BH, QA, OM, KW, EG, MA, DZ, TN, LB, JO, PS, IN, BY, KZ, MD, UA, AL, BA, HR, ME, MK, RS, SI, KR, BD, PK, LK, GH, KE, NG, TZ, UG, AG, AM, BS, BB, BZ, BT, BW, BF, CV, CW, DM, FJ, GM, GE, GD, GW, GY, HT, JM, KI, LS, LR, MW, MV, ML, MH, FM, NA, NR, NE, PW, PG, WS, SM, ST, SN, SC, SL, SB, KN, LC, VC, SR, TL, TO, TT, TV, VU, AZ, BN, BI, KH, CM, TD, KM, GQ, SZ, GA, GN, KG, LA, MR, MN, NP, RW, TG, UZ, ZW, BJ, MG, MU, MZ, AO, CI, DJ, ZM, CD, CG, IQ, LY, TJ, VE, ET, XK"
84,"Love Me Like You Do - From ""Fifty Shades Of Grey""",Ellie Goulding,0X2BH1fck6amBIoJhDVmmJ,"AR, AU, AT, BE, BO, BR, BG, CL, CO, CR, CY, CZ, DK, DO, DE, EC, EE, SV, FI, FR, GR, GT, HN, HK, HU, IS, IE, IT, LV, LT, LU, MY, MT, NL, NZ, NI, NO, PA, PY, PE, PH, PL, PT, SG, SK, ES, SE, CH, TW, TR, UY, US, GB, AD, LI, MC, ID, TH, VN, RO, IL, ZA, SA, AE, BH, QA, OM, KW, EG, MA, DZ, TN, LB, JO, PS, IN, BY, KZ, MD, UA, AL, BA, HR, ME, MK, RS, SI, KR, BD, PK, LK, GH, KE, NG, TZ, UG, AG, AM, BS, BB, BZ, BT, BW, BF, CV, CW, DM, FJ, GM, GE, GD, GW, GY, HT, JM, KI, LS, LR, MW, MV, ML, MH, FM, NA, NR, NE, PW, PG, WS, SM, ST, SN, SC, SL, SB, KN, LC, VC, SR, TL, TO, TT, TV, VU, AZ, BN, BI, KH, CM, TD, KM, GQ, SZ, GA, GN, KG, LA, MO, MR, MN, NP, RW, TG, UZ, ZW, BJ, MG, MU, MZ, AO, CI, DJ, ZM, CD, CG, IQ, LY, TJ, VE, ET, XK"
85,Ni**as In Paris,"JAY-Z, Kanye West","3nFkdlSjzX9mRTtwJOzDYB, 5K4W6rqBFWDnAN6FQUkS6x","AR, AU, AT, BE, BO, BR, BG, CA, CL, CO, CR, CY, CZ, DK, DO, DE, EC, EE, SV, FI, FR, GR, GT, HN, HK, HU, IS, IE, IT, LV, LT, LU, MY, MT, MX, NL, NZ, NI, NO, PA, PY, PE, PH, PL, PT, SG, SK, ES, SE, CH, TW, TR, UY, US, GB, AD, LI, MC, ID, JP, TH, VN, RO, IL, ZA, SA, AE, BH, QA, OM, KW, EG, MA, DZ, TN, LB, JO, PS, IN, BY, KZ, MD, UA, AL, BA, HR, ME, MK, RS, SI, KR, BD, PK, LK, GH, KE, NG, TZ, UG, AG, AM, BS, BB, BZ, BT, BW, BF, CV, CW, DM, FJ, GM, GE, GD, GW, GY, HT, JM, KI, LS, LR, MW, MV, ML, MH, FM, NA, NR, NE, PW, PG, WS, SM, ST, SN, SC, SL, SB, KN, LC, VC, SR, TL, TO, TT, TV, VU, AZ, BN, BI, KH, CM, TD, KM, GQ, SZ, GA, GN, KG, LA, MO, MR, MN, NP, RW, TG, UZ, ZW, BJ, MG, MU, MZ, AO, CI, DJ, ZM, CD, CG, IQ, LY, TJ, VE, ET, XK"
86,"Satranga (From ""ANIMAL"")","Arijit Singh, Shreyas Puranik, Siddharth - Garima","4YRxDV8wJFPHPTeXepOstw, 5o36rLQd78Zh8CaT8rn59d, 6k6TIai4KyKG1DeIMftSmJ","AR, AU, AT, BE, BO, BR, BG, CA, CL, CO, CR, CY, CZ, DK, DO, DE, EC, EE, SV, FI, FR, GR, GT, HN, HK, HU, IS, IE, IT, LV, LT, LU, MY, MT, MX, NL, NZ, NI, NO, PA, PY, PE, PH, PL, PT, SG, SK, ES, SE, CH, TW, TR, UY, US, GB, AD, LI, MC, ID, JP, TH, VN, RO, IL, ZA, SA, AE, BH, QA, OM, KW, EG, MA, DZ, TN, LB, JO, PS, IN, BY, KZ, MD, UA, AL, BA, HR, ME, MK, RS, SI, KR, BD, PK, LK, GH, KE, NG, TZ, UG, AG, AM, BS, BB, BZ, BT, BW, BF, CV, CW, DM, FJ, GM, GE, GD, GW, GY, HT, JM, KI, LS, LR, MW, MV, ML, MH, FM, NA, NR, NE, PW, PG, WS, SM, ST, SN, SC, SL, SB, KN, LC, VC, SR, TL, TO, TT, TV, VU, AZ, BN, BI, KH, CM, TD, KM, GQ, SZ, GA, GN, KG, LA, MO, MR, MN, NP, RW, TG, UZ, ZW, BJ, MG, MU, MZ, AO, CI, DJ, ZM, CD, CG, IQ, LY, TJ, VE, ET, XK"
87,My Love Mine All Mine,Mitski,2uYWxilOVlUdk4oV9DvwqK,"AR, AU, AT, BE, BO, BR, BG, CA, CL, CO, CR, CY, CZ, DK, DO, DE, EC, EE, SV, FI, FR, GR, GT, HN, HK, HU, IS, IE, IT, LV, LT, LU, MY, MT, MX, NL, NZ, NI, NO, PA, PY, PE, PH, PL, PT, SG, SK, ES, SE, CH, TW, TR, UY, US, GB, AD, LI, MC, ID, JP, TH, VN, RO, IL, ZA, SA, AE, BH, QA, OM, KW, EG, MA, DZ, TN, LB, JO, PS, IN, BY, KZ, MD, UA, AL, BA, HR, ME, MK, RS, SI, KR, BD, PK, LK, GH, KE, NG, TZ, UG, AG, AM, BS, BB, BZ, BT, BW, BF, CV, CW, DM, FJ, GM, GE, GD, GW, GY, HT, JM, KI, LS, LR, MW, MV, ML, MH, FM, NA, NR, NE, PW, PG, WS, SM, ST, SN, SC, SL, SB, KN, LC, VC, SR, TL, TO, TT, TV, VU, AZ, BN, BI, KH, CM, TD, KM, GQ, SZ, GA, GN, KG, LA, MO, MR, MN, NP, RW, TG, UZ, ZW, BJ, MG, MU, MZ, AO, CI, DJ, ZM, CD, CG, IQ, LY, TJ, VE, ET, XK"
88,Revenge,XXXTENTACION,15UsOTVnJzReFVN1VCnxy4,"AR, AU, AT, BE, BO, BR, BG, CA, CL, CO, CR, CY, CZ, DK, DO, DE, EC, EE, SV, FI, FR, GR, GT, HN, HK, HU, IS, IE, IT, LV, LT, LU, MY, MT, MX, NL, NZ, NI, NO, PA, PY, PE, PH, PL, PT, SG, SK, ES, SE, CH, TW, TR, UY, US, GB, AD, LI, MC, ID, JP, TH, VN, RO, IL, ZA, SA, AE, BH, QA, OM, KW, EG, MA, DZ, TN, LB, JO, PS, IN, BY, KZ, MD, UA, AL, BA, HR, ME, MK, RS, SI, KR, BD, PK, LK, GH, KE, NG, TZ, UG, AG, AM, BS, BB, BZ, BT, BW, BF, CV, CW, DM, FJ, GM, GE, GD, GW, GY, HT, JM, KI, LS, LR, MW, MV, ML, MH, FM, NA, NR, NE, PW, PG, WS, SM, ST, SN, SC, SL, SB, KN, LC, VC, SR, TL, TO, TT, TV, VU, AZ, BN, BI, KH, CM, TD, KM, GQ, SZ, GA, GN, KG, LA, MO, MR, MN, NP, RW, TG, UZ, ZW, BJ, MG, MU, MZ, AO, CI, DJ, ZM, CD, CG, IQ, LY, TJ, VE, ET, XK"
89,We Don't Talk Anymore (feat. Selena Gomez),"Charlie Puth, Selena Gomez","6VuMaDnrHyPL1p4EHjYLi7, 0C8ZW7ezQVs4URX5aX7Kqx","CA, US"
90,Toxic,Britney Spears,26dSoYclwsYLMAKD3tpOr4,"AR, AU, AT, BE, BO, BR, BG, CA, CL, CO, CR, CY, CZ, DK, DO, DE, EC, EE, SV, FI, FR, GR, GT, HN, HK, HU, IS, IE, IT, LV, LT, LU, MY, MT, MX, NL, NZ, NI, NO, PA, PY, PE, PH, PL, PT, SG, SK, ES, SE, CH, TW, TR, UY, US, GB, AD, LI, MC, ID, JP, TH, VN, RO, IL, ZA, SA, AE, BH, QA, OM, KW, EG, MA, DZ, TN, LB, JO, PS, IN, BY, KZ, MD, UA, AL, BA, HR, ME, MK, RS, SI, KR, BD, PK, LK, GH, KE, NG, TZ, UG, AG, AM, BS, BB, BZ, BT, BW, BF, CV, CW, DM, FJ, GM, GE, GD, GW, GY, HT, JM, KI, LS, LR, MW, MV, ML, MH, FM, NA, NR, NE, PW, PG, WS, SM, ST, SN, SC, SL, SB, KN, LC, VC, SR, TL, TO, TT, TV, VU, AZ, BN, BI, KH, CM, TD, KM, GQ, SZ, GA, GN, KG, LA, MO, MR, MN, NP, RW, TG, UZ, ZW, BJ, MG, MU, MZ, AO, CI, DJ, ZM, CD, CG, IQ, LY, TJ, VE, ET, XK"
91,Just Give Me a Reason (feat. Nate Ruess),"P!nk, Nate Ruess","1KCSPY1glIKqW2TotWuXOR, 1qUjOF5fzrpoNycD36b2jZ","AR, AU, AT, BE, BO, BR, BG, CA, CL, CO, CR, CY, CZ, DK, DO, DE, EC, EE, SV, FI, FR, GR, GT, HN, HK, HU, IS, IE, IT, LV, LT, LU, MY, MT, MX, NL, NZ, NI, NO, PA, PY, PE, PH, PL, PT, SG, SK, ES, SE, CH, TW, TR, UY, US, GB, AD, LI, MC, ID, JP, TH, VN, RO, IL, ZA, SA, AE, BH, QA, OM, KW, EG, MA, DZ, TN, LB, JO, PS, IN, BY, KZ, MD, UA, AL, BA, HR, ME, MK, RS, SI, KR, BD, PK, LK, GH, KE, NG, TZ, UG, AG, AM, BS, BB, BZ, BT, BW, BF, CV, CW, DM, FJ, GM, GE, GD, GW, GY, HT, JM, KI, LS, LR, MW, MV, ML, MH, FM, NA, NR, NE, PW, PG, WS, SM, ST, SN, SC, SL, SB, KN, LC, VC, SR, TL, TO, TT, TV, VU, AZ, BN, BI, KH, CM, TD, KM, GQ, SZ, GA, GN, KG, LA, MO, MR, MN, NP, RW, TG, UZ, ZW, BJ, MG, MU, MZ, AO, CI, DJ, ZM, CD, CG, IQ, LY, TJ, VE, ET, XK"
92,Stick Season,Noah Kahan,2RQXRUsr4IW1f3mKyKsy4B,"AR, AU, AT, BE, BO, BR, BG, CA, CL, CO, CR, CY, CZ, DK, DO, DE, EC, EE, SV, FI, FR, GR, GT, HN, HK, HU, IS, IE, IT, LV, LT, LU, MY, MT, MX, NL, NZ, NI, NO, PA, PY, PE, PH, PL, PT, SG, SK, ES, SE, CH, TW, TR, UY, US, GB, AD, LI, MC, ID, JP, TH, VN, RO, IL, ZA, SA, AE, BH, QA, OM, KW, EG, MA, DZ, TN, LB, JO, PS, IN, KZ, MD, UA, AL, BA, HR, ME, MK, RS, SI, KR, BD, PK, LK, GH, KE, NG, TZ, UG, AG, AM, BS, BB, BZ, BT, BW, BF, CV, CW, DM, FJ, GM, GE, GD, GW, GY, HT, JM, KI, LS, LR, MW, MV, ML, MH, FM, NA, NR, NE, PW, PG, WS, SM, ST, SN, SC, SL, SB, KN, LC, VC, SR, TL, TO, TT, TV, VU, AZ, BN, BI, KH, CM, TD, KM, GQ, SZ, GA, GN, KG, LA, MO, MR, MN, NP, RW, TG, UZ, ZW, BJ, MG, MU, MZ, AO, CI, DJ, ZM, CD, CG, IQ, LY, TJ, VE, ET, XK"
93,La Bachata,Manuel Turizo,0tmwSHipWxN12fsoLcFU3B,"AR, AU, AT, BE, BO, BR, BG, CA, CL, CO, CR, CY, CZ, DK, DO, DE, EC, EE, SV, FI, FR, GR, GT, HN, HK, HU, IS, IE, IT, LV, LT, LU, MY, MT, MX, NL, NZ, NI, NO, PA, PY, PE, PH, PL, PT, SG, SK, ES, SE, CH, TW, TR, UY, US, GB, AD, LI, MC, ID, JP, TH, VN, RO, IL, ZA, SA, AE, BH, QA, OM, KW, EG, MA, DZ, TN, LB, JO, PS, IN, BY, KZ, MD, UA, AL, BA, HR, ME, MK, RS, SI, KR, BD, PK, LK, GH, KE, NG, TZ, UG, AG, AM, BS, BB, BZ, BT, BW, BF, CV, CW, DM, FJ, GM, GE, GD, GW, GY, HT, JM, KI, LS, LR, MW, MV, ML, MH, FM, NA, NR, NE, PW, PG, WS, SM, ST, SN, SC, SL, SB, KN, LC, VC, SR, TL, TO, TT, TV, VU, AZ, BN, BI, KH, CM, TD, KM, GQ, SZ, GA, GN, KG, LA, MO, MR, MN, NP, RW, TG, UZ, ZW, BJ, MG, MU, MZ, AO, CI, DJ, ZM, CD, CG, IQ, LY, TJ, VE, ET, XK"
94,Sweater Weather,The Neighbourhood,77SW9BnxLY8rJ0RciFqkHh,"AR, AU, AT, BE, BO, BR, BG, CA, CL, CO, CR, CY, CZ, DK, DO, DE, EC, EE, SV, FI, FR, GR, GT, HN, HK, HU, IS, IT, LV, LT, LU, MY, MT, MX, NL, NZ, NI, NO, PA, PY, PE, PH, PL, PT, SG, SK, ES, SE, CH, TW, TR, UY, US, AD, LI, MC, ID, JP, TH, VN, RO, IL, ZA, SA, AE, BH, QA, OM, KW, EG, MA, DZ, TN, LB, JO, PS, IN, BY, KZ, MD, UA, AL, BA, HR, ME, MK, RS, SI, KR, BD, PK, LK, GH, KE, NG, TZ, UG, AG, AM, BS, BB, BZ, BT, BW, BF, CV, CW, DM, FJ, GM, GE, GD, GW, GY, HT, JM, KI, LS, LR, MW, MV, ML, MH, FM, NA, NR, NE, PW, PG, WS, SM, ST, SN, SC, SL, SB, KN, LC, VC, SR, TL, TO, TT, TV, VU, AZ, BN, BI, KH, CM, TD, KM, GQ, SZ, GA, GN, KG, LA, MO, MR, MN, NP, RW, TG, UZ, ZW, BJ, MG, MU, MZ, AO, CI, DJ, ZM, CD, CG, IQ, LY, TJ, VE, ET, XK"
95,Someone You Loved,Lewis Capaldi,4GNC7GD6oZMSxPGyXy4MNB,"AR, AU, AT, BE, BO, BR, BG, CA, CL, CO, CR, CY, CZ, DK, DO, DE, EC, EE, SV, FI, FR, GR, GT, HN, HK, HU, IS, IE, IT, LV, LT, LU, MY, MT, MX, NL, NZ, NI, NO, PA, PY, PE, PH, PL, PT, SG, SK, ES, SE, CH, TW, TR, UY, US, GB, AD, LI, MC, ID, JP, TH, VN, RO, IL, ZA, SA, AE, BH, QA, OM, KW, EG, MA, DZ, TN, LB, JO, PS, IN, BY, KZ, MD, UA, AL, BA, HR, ME, MK, RS, SI, KR, BD, PK, LK, GH, KE, NG, TZ, UG, AG, AM, BS, BB, BZ, BT, BW, BF, CV, CW, DM, FJ, GM, GE, GD, GW, GY, HT, JM, KI, LS, LR, MW, MV, ML, MH, FM, NA, NR, NE, PW, PG, WS, SM, ST, SN, SC, SL, SB, KN, LC, VC, SR, TL, TO, TT, TV, VU, AZ, BN, BI, KH, CM, TD, KM, GQ, SZ, GA, GN, KG, LA, MO, MR, MN, NP, RW, TG, UZ, ZW, BJ, MG, MU, MZ, AO, CI, DJ, ZM, CD, CG, IQ, LY, TJ, VE, ET, XK"
96,Doctor (Work It Out) [feat. Miley Cyrus],"Pharrell Williams, Miley Cyrus","2RdwBSPQiwcmiDo9kixcl8, 5YGY8feqx7naU7z4HrwZM6","AR, AU, AT, BE, BO, BR, BG, CA, CL, CO, CR, CY, CZ, DK, DO, DE, EC, EE, SV, FI, FR, GR, GT, HN, HK, HU, IS, IE, IT, LV, LT, LU, MY, MT, MX, NL, NZ, NI, NO, PA, PY, PE, PH, PL, PT, SG, SK, ES, SE, CH, TW, TR, UY, US, GB, AD, LI, MC, ID, JP, TH, VN, RO, IL, ZA, SA, AE, BH, QA, OM, KW, EG, MA, DZ, TN, LB, JO, PS, IN, BY, KZ, MD, UA, AL, BA, HR, ME, MK, RS, SI, KR, BD, PK, LK, GH, KE, NG, TZ, UG, AG, AM, BS, BB, BZ, BT, BW, BF, CV, CW, DM, FJ, GM, GE, GD, GW, GY, HT, JM, KI, LS, LR, MW, MV, ML, MH, FM, NA, NR, NE, PW, PG, WS, SM, ST, SN, SC, SL, SB, KN, LC, VC, SR, TL, TO, TT, TV, VU, AZ, BN, BI, KH, CM, TD, KM, GQ, SZ, GA, GN, KG, LA, MO, MR, MN, NP, RW, TG, UZ, ZW, BJ, MG, MU, MZ, AO, CI, DJ, ZM, CD, CG, IQ, LY, TJ, VE, ET, XK"
97,In Da Club,50 Cent,3q7HBObVc0L8jNeTe5Gofh,"AU, CA, CR, DO, GT, HN, JP, MX, NI, PA, SV, US"
98,Sweet but Psycho,Ava Max,4npEfmQ6YuiwW1GpUmaq3F,"AR, AU, AT, BE, BO, BR, BG, CA, CL, CO, CR, CY, CZ, DK, DO, DE, EC, EE, SV, FI, FR, GR, GT, HN, HK, HU, IS, IE, IT, LV, LT, LU, MY, MT, MX, NL, NZ, NI, NO, PA, PY, PE, PH, PL, PT, SG, SK, ES, SE, CH, TW, TR, UY, US, GB, AD, LI, MC, ID, JP, TH, VN, RO, IL, ZA, SA, AE, BH, QA, OM, KW, EG, MA, DZ, TN, LB, JO, PS, IN, BY, KZ, MD, UA, AL, BA, HR, ME, MK, RS, SI, KR, BD, PK, LK, GH, KE, NG, TZ, UG, AG, AM, BS, BB, BZ, BT, BW, BF, CV, CW, DM, FJ, GM, GE, GD, GW, GY, HT, JM, KI, LS, LR, MW, MV, ML, MH, FM, NA, NR, NE, PW, PG, WS, SM, ST, SN, SC, SL, SB, KN, LC, VC, SR, TL, TO, TT, TV, VU, AZ, BN, BI, KH, CM, TD, KM, GQ, SZ, GA, GN, KG, LA, MO, MR, MN, NP, RW, TG, UZ, ZW, BJ, MG, MU, MZ, AO, CI, DJ, ZM, CD, CG, IQ, LY, TJ, VE, ET, XK"
99,O Maahi,"Pritam, Arijit Singh, Irshad Kamil","1wRPtKGflJrBx9BmLsSwlU, 4YRxDV8wJFPHPTeXepOstw, 3GdSQUH1BRtl9UrrtuwJlP","AR, AU, AT, BE, BO, BR, BG, CA, CL, CO, CR, CY, CZ, DK, DO, DE, EC, EE, SV, FI, FR, GR, GT, HN, HK, HU, IS, IE, IT, LV, LT, LU, MY, MT, MX, NL, NZ, NI, NO, PA, PY, PE, PH, PL, PT, SG, SK, ES, SE, CH, TW, TR, UY, US, GB, AD, LI, MC, ID, JP, TH, VN, RO, IL, ZA, SA, AE, BH, QA, OM, KW, EG, MA, DZ, TN, LB, JO, PS, IN, BY, KZ, MD, UA, AL, BA, HR, ME, MK, RS, SI, KR, BD, PK, LK, GH, KE, NG, TZ, UG, AG, AM, BS, BB, BZ, BT, BW, BF, CV, CW, DM, FJ, GM, GE, GD, GW, GY, HT, JM, KI, LS, LR, MW, MV, ML, MH, FM, NA, NR, NE, PW, PG, WS, SM, ST, SN, SC, SL, SB, KN, LC, VC, SR, TL, TO, TT, TV, VU, AZ, BN, BI, KH, CM, TD, KM, GQ, SZ, GA, GN, KG, LA, MO, MR, MN, NP, RW, TG, UZ, ZW, BJ, MG, MU, MZ, AO, CI, DJ, ZM, CD, CG, IQ, LY, TJ, VE, ET, XK"
100,Here Comes The Sun - Remastered 2009,The Beatles,3WrFJ7ztbogyGnTHbHJFl2,"AR, AU, AT, BE, BO, BR, BG, CA, CL, CO, CR, CY, CZ, DK, DO, DE, EC, EE, SV, FI, FR, GR, GT, HN, HK, HU, IS, IE, IT, LV, LT, LU, MY, MT, MX, NL, NZ, NI, NO, PA, PY, PE, PH, PL, PT, SG, SK, ES, SE, CH, TW, TR, UY, US, GB, AD, LI, MC, ID, JP, TH, VN, RO, IL, ZA, SA, AE, BH, QA, OM, KW, EG, MA, DZ, TN, LB, JO, PS, IN, BY, KZ, MD, UA, AL, BA, HR, ME, MK, RS, SI, KR, BD, PK, LK, GH, KE, NG, TZ, UG, AG, AM, BS, BB, BZ, BT, BW, BF, CV, CW, DM, FJ, GM, GE, GD, GW, GY, HT, JM, KI, LS, LR, MW, MV, ML, MH, FM, NA, NR, NE, PW, PG, WS, SM, ST, SN, SC, SL, SB, KN, LC, VC, SR, TL, TO, TT, TV, VU, AZ, BN, BI, KH, CM, TD, KM, GQ, SZ, GA, GN, KG, LA, MO, MR, MN, NP, RW, TG, UZ, ZW, BJ, MG, MU, MZ, AO, CI, DJ, ZM, CD, CG, IQ, LY, TJ, VE, ET, XK"
